"Part";"Value";"Device";"Package";"Description";"BOM";"DESCRIPTION";"DIGI-KEY_PART_NUMBER";"DIS";"DISTRIBUTOR";"DPN";"HEIGHT";"INVENTORY";"LABEL";"MANUFACTURER";"MANUFACTURER_NAME";"MANUFACTURER_PART_NUMBER";"MFR";"MOUSER_PART_#";"MOUSER_PART_NUMBER";"MOUSER_PRICE-STOCK";"MPN";"POPULARITY";"PROD_ID";"RS_PART_NUMBER";"RS_PRICE-STOCK";"SPICEPREFIX";"VALUE";"VDC";"VENDOR";
"!FLT";"TEST-POINT-LARGE";"TEST-POINT-LARGE";"1X01";"";"";"";"";"";"";"";"";"";"";"";"";"";"";"";"";"";"";"";"";"";"";"";"";"";"";
"!FLT-U";"TEST-POINT-LARGE";"TEST-POINT-LARGE";"1X01";"";"";"";"";"";"";"";"";"";"";"";"";"";"";"";"";"";"";"";"";"";"";"";"";"";"";
"2.5V-L";"TEST-POINT-LARGE";"TEST-POINT-LARGE";"1X01";"";"";"";"";"";"";"";"";"";"";"";"";"";"";"";"";"";"";"";"";"";"";"";"";"";"";
"2.5V-U";"TEST-POINT-LARGE";"TEST-POINT-LARGE";"1X01";"";"";"";"";"";"";"";"";"";"";"";"";"";"";"";"";"";"";"";"";"";"";"";"";"";"";
"3.3V";"TEST-POINT-LARGE";"TEST-POINT-LARGE";"1X01";"";"";"";"";"";"";"";"";"";"";"";"";"";"";"";"";"";"";"";"";"";"";"";"";"";"";
"3.3V-U";"TEST-POINT-LARGE";"TEST-POINT-LARGE";"1X01";"";"";"";"";"";"";"";"";"";"";"";"";"";"";"";"";"";"";"";"";"";"";"";"";"";"";
"5.0V-U";"TEST-POINT-LARGE";"TEST-POINT-LARGE";"1X01";"";"";"";"";"";"";"";"";"";"";"";"";"";"";"";"";"";"";"";"";"";"";"";"";"";"";
"BOOT0";"TEST-POINT-LARGE";"TEST-POINT-LARGE";"1X01";"";"EXCLUDE";"";"";"";"";"";"";"";"";"";"";"";"";"";"";"";"";"";"";"";"";"";"";"";"";
"C1";"1u";"CAP0603-1UF-25VDC";".0603-C-NOSILK-RESISTOR";"1µF ±10% 25V Ceramic Capacitor X5R 0603 (1608 Metric)";"";"1µF ±10% 25V Ceramic Capacitor X5R 0603 (1608 Metric)";"311-1445-1-ND";"";"";"";"";"";"";"YAGEO (PHYCOMP)";"";"CC0603KRX5R8BB105";"";"";"";"";"";"";"";"";"";"";"";"25V";"";
"C2";"0.1u";"CAP0603-0.1UF";".0603-B-NOSILK-CAP";"0.1µF ±10% 10V Ceramic Capacitor X5R 0603 (1608 Metric)";"";"0.1µF ±10% 10V Ceramic Capacitor X5R 0603 (1608 Metric)";"478-0603ZD104KAT2ACT-ND";"";"";"";"";"";"";"AVX";"";"0603ZD104KAT2A";"";"";"";"";"";"";"";"";"";"";"";"10V";"";
"C3";"0.1u";"CAP0603-0.1UF";".0603-B-NOSILK-CAP";"0.1µF ±10% 10V Ceramic Capacitor X5R 0603 (1608 Metric)";"";"0.1µF ±10% 10V Ceramic Capacitor X5R 0603 (1608 Metric)";"478-0603ZD104KAT2ACT-ND";"";"";"";"";"";"";"AVX";"";"0603ZD104KAT2A";"";"";"";"";"";"";"";"";"";"";"";"10V";"";
"C4";"1u";"CAP0603-1UF-25VDC";".0603-C-NOSILK-RESISTOR";"1µF ±10% 25V Ceramic Capacitor X5R 0603 (1608 Metric)";"";"1µF ±10% 25V Ceramic Capacitor X5R 0603 (1608 Metric)";"311-1445-1-ND";"";"";"";"";"";"";"YAGEO (PHYCOMP)";"";"CC0603KRX5R8BB105";"";"";"";"";"";"";"";"";"";"";"";"25V";"";
"C5";"1u";"CAP0603-1UF-25VDC";".0603-C-NOSILK-RESISTOR";"1µF ±10% 25V Ceramic Capacitor X5R 0603 (1608 Metric)";"";"1µF ±10% 25V Ceramic Capacitor X5R 0603 (1608 Metric)";"311-1445-1-ND";"";"";"";"";"";"";"YAGEO (PHYCOMP)";"";"CC0603KRX5R8BB105";"";"";"";"";"";"";"";"";"";"";"";"25V";"";
"C6";"0.1u";"CAP0603-0.1UF";".0603-B-NOSILK-CAP";"0.1µF ±10% 10V Ceramic Capacitor X5R 0603 (1608 Metric)";"";"0.1µF ±10% 10V Ceramic Capacitor X5R 0603 (1608 Metric)";"478-0603ZD104KAT2ACT-ND";"";"";"";"";"";"";"AVX";"";"0603ZD104KAT2A";"";"";"";"";"";"";"";"";"";"";"";"10V";"";
"C7";"10u";"CAP0603-10UF-25VDC";".0603-B-NOSILK-CAP";"10µF ±10% 25V Ceramic Capacitor X5R 0603 (1608 Metric)";"";"10µF ±10% 25V Ceramic Capacitor X5R 0603 (1608 Metric)";"490-18214-1-ND";"";"";"";"";"";"";"Murata Electronics";"";"GRM188R61E106KA73D";"";"";"";"";"";"";"";"";"";"";"";"25V";"";
"C8";"0.1u";"CAP0603-0.1UF";".0603-B-NOSILK-CAP";"0.1µF ±10% 10V Ceramic Capacitor X5R 0603 (1608 Metric)";"";"0.1µF ±10% 10V Ceramic Capacitor X5R 0603 (1608 Metric)";"478-0603ZD104KAT2ACT-ND";"";"";"";"";"";"";"AVX";"";"0603ZD104KAT2A";"";"";"";"";"";"";"";"";"";"";"";"10V";"";
"C9";"0.1u";"CAP0603-0.1UF";".0603-B-NOSILK-CAP";"0.1µF ±10% 10V Ceramic Capacitor X5R 0603 (1608 Metric)";"";"0.1µF ±10% 10V Ceramic Capacitor X5R 0603 (1608 Metric)";"478-0603ZD104KAT2ACT-ND";"";"";"";"";"";"";"AVX";"";"0603ZD104KAT2A";"";"";"";"";"";"";"";"";"";"";"";"10V";"";
"C10";"1u";"CAP0603-1UF-25VDC";".0603-C-NOSILK-RESISTOR";"1µF ±10% 25V Ceramic Capacitor X5R 0603 (1608 Metric)";"";"1µF ±10% 25V Ceramic Capacitor X5R 0603 (1608 Metric)";"311-1445-1-ND";"";"";"";"";"";"";"YAGEO (PHYCOMP)";"";"CC0603KRX5R8BB105";"";"";"";"";"";"";"";"";"";"";"";"25V";"";
"C11";"20p";"CAP0603-20PF";".0603-B-NOSILK-CAP";"20pF ±5% 50V Ceramic Capacitor C0G, NP0 0603 (1608 Metric)";"";"20pF ±5% 50V Ceramic Capacitor C0G, NP0 0603 (1608 Metric)";"GRM1885C1H200JA01J-ND";"";"";"";"";"";"";"Murata Electronics";"";"GRM1885C1H200JA01J";"";"";"";"";"";"";"";"";"";"";"";"50V";"";
"C12";"22u";"CAP0603-22UF";".0603-B-NOSILK-CAP";"22µF ±20% 10V Ceramic Capacitor X5R 0603 (1608 Metric)";"";"22µF ±20% 10V Ceramic Capacitor X5R 0603 (1608 Metric)";"ZRB18AR61A226ME01L-ND";"";"";"";"";"";"";"Murata Electronics";"";"ZRB18AR61A226ME01L";"";"";"";"";"";"";"";"";"";"";"";"10V";"";
"C13";"0.1u";"CAP0603-0.1UF";".0603-B-NOSILK-CAP";"0.1µF ±10% 10V Ceramic Capacitor X5R 0603 (1608 Metric)";"";"0.1µF ±10% 10V Ceramic Capacitor X5R 0603 (1608 Metric)";"478-0603ZD104KAT2ACT-ND";"";"";"";"";"";"";"AVX";"";"0603ZD104KAT2A";"";"";"";"";"";"";"";"";"";"";"";"10V";"";
"C14";"2.2u";"CAP0603-2.2UF";".0603-B-NOSILK-CAP";"2.2µF ±20% 10V Ceramic Capacitor X7R 0603 (1608 Metric)";"";"2.2µF ±20% 10V Ceramic Capacitor X7R 0603 (1608 Metric)";"445-5959-1-ND";"";"";"";"";"";"";"TDK";"";"C1608X7R1A225M080AC";"";"";"";"";"";"";"";"";"";"";"";"10V";"";
"C16";"20p";"CAP0603-20PF";".0603-B-NOSILK-CAP";"20pF ±5% 50V Ceramic Capacitor C0G, NP0 0603 (1608 Metric)";"";"20pF ±5% 50V Ceramic Capacitor C0G, NP0 0603 (1608 Metric)";"GRM1885C1H200JA01J-ND";"";"";"";"";"";"";"Murata Electronics";"";"GRM1885C1H200JA01J";"";"";"";"";"";"";"";"";"";"";"";"50V";"";
"C17";"0.1u";"CAP0603-0.1UF";".0603-B-NOSILK-CAP";"0.1µF ±10% 10V Ceramic Capacitor X5R 0603 (1608 Metric)";"";"0.1µF ±10% 10V Ceramic Capacitor X5R 0603 (1608 Metric)";"478-0603ZD104KAT2ACT-ND";"";"";"";"";"";"";"AVX";"";"0603ZD104KAT2A";"";"";"";"";"";"";"";"";"";"";"";"10V";"";
"C19";"2.2u";"CAP0603-2.2UF";".0603-B-NOSILK-CAP";"2.2µF ±20% 10V Ceramic Capacitor X7R 0603 (1608 Metric)";"";"2.2µF ±20% 10V Ceramic Capacitor X7R 0603 (1608 Metric)";"445-5959-1-ND";"";"";"";"";"";"";"TDK";"";"C1608X7R1A225M080AC";"";"";"";"";"";"";"";"";"";"";"";"10V";"";
"C20";"1u";"CAP0603-1UF-25VDC";".0603-C-NOSILK-RESISTOR";"1µF ±10% 25V Ceramic Capacitor X5R 0603 (1608 Metric)";"";"1µF ±10% 25V Ceramic Capacitor X5R 0603 (1608 Metric)";"311-1445-1-ND";"";"";"";"";"";"";"YAGEO (PHYCOMP)";"";"CC0603KRX5R8BB105";"";"";"";"";"";"";"";"";"";"";"";"25V";"";
"C21";"0.1u";"CAP0603-0.1UF";".0603-B-NOSILK-CAP";"0.1µF ±10% 10V Ceramic Capacitor X5R 0603 (1608 Metric)";"";"0.1µF ±10% 10V Ceramic Capacitor X5R 0603 (1608 Metric)";"478-0603ZD104KAT2ACT-ND";"";"";"";"";"";"";"AVX";"";"0603ZD104KAT2A";"";"";"";"";"";"";"";"";"";"";"";"10V";"";
"C22";"0.1u";"CAP0603-0.1UF";".0603-B-NOSILK-CAP";"0.1µF ±10% 10V Ceramic Capacitor X5R 0603 (1608 Metric)";"";"0.1µF ±10% 10V Ceramic Capacitor X5R 0603 (1608 Metric)";"478-0603ZD104KAT2ACT-ND";"";"";"";"";"";"";"AVX";"";"0603ZD104KAT2A";"";"";"";"";"";"";"";"";"";"";"";"10V";"";
"C23";"1u";"CAP0603-1UF-25VDC";".0603-C-NOSILK-RESISTOR";"1µF ±10% 25V Ceramic Capacitor X5R 0603 (1608 Metric)";"";"1µF ±10% 25V Ceramic Capacitor X5R 0603 (1608 Metric)";"311-1445-1-ND";"";"";"";"";"";"";"YAGEO (PHYCOMP)";"";"CC0603KRX5R8BB105";"";"";"";"";"";"";"";"";"";"";"";"25V";"";
"C24";"1u";"CAP0603-1UF-25VDC";".0603-C-NOSILK-RESISTOR";"1µF ±10% 25V Ceramic Capacitor X5R 0603 (1608 Metric)";"";"1µF ±10% 25V Ceramic Capacitor X5R 0603 (1608 Metric)";"311-1445-1-ND";"";"";"";"";"";"";"YAGEO (PHYCOMP)";"";"CC0603KRX5R8BB105";"";"";"";"";"";"";"";"";"";"";"";"25V";"";
"C25";"1u";"CAP0603-1UF-25VDC";".0603-C-NOSILK-RESISTOR";"1µF ±10% 25V Ceramic Capacitor X5R 0603 (1608 Metric)";"";"1µF ±10% 25V Ceramic Capacitor X5R 0603 (1608 Metric)";"311-1445-1-ND";"";"";"";"";"";"";"YAGEO (PHYCOMP)";"";"CC0603KRX5R8BB105";"";"";"";"";"";"";"";"";"";"";"";"25V";"";
"C26";"10u";"CAP0603-10UF-25VDC";".0603-B-NOSILK-CAP";"10µF ±10% 25V Ceramic Capacitor X5R 0603 (1608 Metric)";"";"10µF ±10% 25V Ceramic Capacitor X5R 0603 (1608 Metric)";"490-18214-1-ND";"";"";"";"";"";"";"Murata Electronics";"";"GRM188R61E106KA73D";"";"";"";"";"";"";"";"";"";"";"";"25V";"";
"C27";"22u";"CAP0603-22UF";".0603-B-NOSILK-CAP";"22µF ±20% 10V Ceramic Capacitor X5R 0603 (1608 Metric)";"";"22µF ±20% 10V Ceramic Capacitor X5R 0603 (1608 Metric)";"ZRB18AR61A226ME01L-ND";"";"";"";"";"";"";"Murata Electronics";"";"ZRB18AR61A226ME01L";"";"";"";"";"";"";"";"";"";"";"";"10V";"";
"C28";"1u";"CAP0603-1UF-25VDC";".0603-C-NOSILK-RESISTOR";"1µF ±10% 25V Ceramic Capacitor X5R 0603 (1608 Metric)";"";"1µF ±10% 25V Ceramic Capacitor X5R 0603 (1608 Metric)";"311-1445-1-ND";"";"";"";"";"";"";"YAGEO (PHYCOMP)";"";"CC0603KRX5R8BB105";"";"";"";"";"";"";"";"";"";"";"";"25V";"";
"C29";"22u";"CAP0603-22UF";".0603-B-NOSILK-CAP";"22µF ±20% 10V Ceramic Capacitor X5R 0603 (1608 Metric)";"";"22µF ±20% 10V Ceramic Capacitor X5R 0603 (1608 Metric)";"ZRB18AR61A226ME01L-ND";"";"";"";"";"";"";"Murata Electronics";"";"ZRB18AR61A226ME01L";"";"";"";"";"";"";"";"";"";"";"";"10V";"";
"C30";"22p";"C-EU0402-B-NOSILK";".0402-B-NOSILK";"CAPACITOR, European symbol";"";"22pF ±5% 50V Ceramic Capacitor C0G, NP0 0402 (1005 Metric)";"1276-1116-1-ND";"";"";"";"";"";"";"Samsung Electro-Mechanics";"";"CL05C220JB5NNNC";"";"";"";"";"";"";"";"";"";"";"";"";"";
"C31";"3p";"C-EU0402-B-NOSILK";".0402-B-NOSILK";"CAPACITOR, European symbol";"";"C - 0402, 3p, C0G, 50V";"1276-1598-1-ND";"";"Digikey";"";"";"0";"";"Samsung";"";"CL05C030CB5NNNC ";"";"";"";"";"";"";"";"";"";"";"";"";"";
"C37";"22n";"C-EU0603-B-NOSILK";".0603-B-NOSILK";"CAPACITOR, European symbol";"";"0.022µF ±10% 25V Ceramic Capacitor X7R 0603 (1608 Metric)";"1276-1999-1-ND";"";"";"";"";"";"";"Samsung Electro-Mechanics";"";"CL10B223KA8NNNC";"";"";"";"";"";"";"";"";"";"";"";"";"";
"C38";"560p";"C-EU0402-B-NOSILK";".0402-B-NOSILK";"CAPACITOR, European symbol";"";"C - 0402, 560p, C0G, 50V";"1276-1709-1-ND";"";"Digikey";"";"";"96";"";"Samsung";"";"CL05C561JB5NNNC";"";"";"";"";"";"";"";"";"";"";"";"";"";
"C39";"22p";"C-EU0402-C-NOSILK";".0402-C-NOSILK";"CAPACITOR, European symbol";"";"22pF ±5% 50V Ceramic Capacitor C0G, NP0 0402 (1005 Metric)";"1276-1116-1-ND";"";"";"";"";"";"";"Samsung Electro-Mechanics";"";"CL05C220JB5NNNC";"";"";"";"";"";"";"";"";"";"";"";"";"";
"C40";"NP";"C-EU0603-B-NOSILK";".0603-B-NOSILK";"CAPACITOR, European symbol";"EXCLUDE";"";"";"";"Digikey";"";"";"";"";"";"";"";"";"";"";"";"";"";"";"";"";"";"";"";"";
"C41";"22n";"C-EU0603-B-NOSILK";".0603-B-NOSILK";"CAPACITOR, European symbol";"";"0.022µF ±10% 25V Ceramic Capacitor X7R 0603 (1608 Metric)";"1276-1999-1-ND";"";"";"";"";"";"";"Samsung Electro-Mechanics";"";"CL10B223KA8NNNC";"";"";"";"";"";"";"";"";"";"";"";"";"";
"C42";"8.2p";"C-EU0402-C-NOSILK";".0402-C-NOSILK";"CAPACITOR, European symbol";"";"C - 0402 8.2p, C0G, 50V";"1276-1729-1-ND";"";"Digikey";"";"";"6";"";"Samsung Electro-Mechanics";"";"CL05C8R2CB5NNNC";"";"";"";"";"";"";"";"";"";"";"";"";"";
"C43";"8.2p";"C-EU0402-C-NOSILK";".0402-C-NOSILK";"CAPACITOR, European symbol";"";"C - 0402 8.2p, C0G, 50V";"1276-1729-1-ND";"";"Digikey";"";"";"6";"";"Samsung Electro-Mechanics";"";"CL05C8R2CB5NNNC";"";"";"";"";"";"";"";"";"";"";"";"";"";
"C44";"1n";"C-EU0402-C-NOSILK";".0402-C-NOSILK";"CAPACITOR, European symbol";"";"1000pF ±5% 50V Ceramic Capacitor C0G, NP0 0402 (1005 Metric)";"1276-1635-1-ND";"";"";"";"";"";"";"Samsung Electro-Mechanics";"";"CL05C102JB5NNNC";"";"";"";"";"";"";"";"";"";"";"";"50V";"";
"C45";"1n";"C-EU0402-C-NOSILK";".0402-C-NOSILK";"CAPACITOR, European symbol";"";"1000pF ±5% 50V Ceramic Capacitor C0G, NP0 0402 (1005 Metric)";"1276-1635-1-ND";"";"";"";"";"";"";"Samsung Electro-Mechanics";"";"CL05C102JB5NNNC";"";"";"";"";"";"";"";"";"";"";"";"50V";"";
"C46";"82p";"C-EU0402-C-NOSILK";".0402-C-NOSILK";"CAPACITOR, European symbol";"";"C - 0402, 82p, C0G, 50V";"1276-1726-1-ND";"";"Digikey";"";"";"6";"";"";"";"CL05C820JB5NNNC";"";"";"";"";"";"";"";"";"";"";"";"";"";
"C47";"82p";"C-EU0402-C-NOSILK";".0402-C-NOSILK";"CAPACITOR, European symbol";"";"C - 0402, 82p, C0G, 50V";"1276-1726-1-ND";"";"Digikey";"";"";"6";"";"";"";"CL05C820JB5NNNC";"";"";"";"";"";"";"";"";"";"";"";"";"";
"C48";"22p";"C-EU0402-C-NOSILK";".0402-C-NOSILK";"CAPACITOR, European symbol";"";"22pF ±5% 50V Ceramic Capacitor C0G, NP0 0402 (1005 Metric)";"1276-1116-1-ND";"";"";"";"";"";"";"Samsung Electro-Mechanics";"";"CL05C220JB5NNNC";"";"";"";"";"";"";"";"";"";"";"";"";"";
"C49";"22p";"C-EU0402-C-NOSILK";".0402-C-NOSILK";"CAPACITOR, European symbol";"";"22pF ±5% 50V Ceramic Capacitor C0G, NP0 0402 (1005 Metric)";"1276-1116-1-ND";"";"";"";"";"";"";"Samsung Electro-Mechanics";"";"CL05C220JB5NNNC";"";"";"";"";"";"";"";"";"";"";"";"";"";
"C50";"22n";"C-EU0603-C-NOSILK";".0603-C-NOSILK";"CAPACITOR, European symbol";"";"0.022µF ±10% 25V Ceramic Capacitor X7R 0603 (1608 Metric)";"1276-1999-1-ND";"";"";"";"";"";"";"Samsung Electro-Mechanics";"";"CL10B223KA8NNNC";"";"";"";"";"";"";"";"";"";"";"";"";"";
"C51";"NP";"C-EU0603-C-NOSILK";".0603-C-NOSILK";"CAPACITOR, European symbol";"EXCLUDE";"";"";"";"Digikey";"";"";"";"";"";"";"";"";"";"";"";"";"";"";"";"";"";"";"";"";
"C52";"4.7u";"C-EU0603-C-NOSILK";".0603-C-NOSILK";"CAPACITOR, European symbol";"";"C - 0603, 4.7u, X5R, 16V";"1276-1784-1-ND";"";"Digikey";"";"";"6";"";"";"";"CL10A475KO8NNNC";"";"";"";"";"";"";"";"";"";"";"";"";"";
"C53";"22n";"C-EU0603-C-NOSILK";".0603-C-NOSILK";"CAPACITOR, European symbol";"";"0.022µF ±10% 25V Ceramic Capacitor X7R 0603 (1608 Metric)";"1276-1999-1-ND";"";"";"";"";"";"";"Samsung Electro-Mechanics";"";"CL10B223KA8NNNC";"";"";"";"";"";"";"";"";"";"";"";"";"";
"C54";"NP";"C-EU0603-C-NOSILK";".0603-C-NOSILK";"CAPACITOR, European symbol";"EXCLUDE";"";"";"";"Digikey";"";"";"";"";"";"";"";"";"";"";"";"";"";"";"";"";"";"";"";"";
"C55";"4.7u";"C-EU0603-C-NOSILK";".0603-C-NOSILK";"CAPACITOR, European symbol";"";"C - 0603, 4.7u, X5R, 16V";"1276-1784-1-ND";"";"Digikey";"";"";"6";"";"";"";"CL10A475KO8NNNC";"";"";"";"";"";"";"";"";"";"";"";"";"";
"C56";"10n";"C-EU0603-C-NOSILK";".0603-C-NOSILK";"CAPACITOR, European symbol";"";"10000pF ±5% 25V Ceramic Capacitor C0G, NP0 0603 (1608 Metric)";"1276-2172-1-ND";"";"";"";"";"";"";"Samsung Electro-Mechanics";"";"CL10C103JA8NNNC";"";"";"";"";"";"";"";"";"";"";"";"25V";"";
"C57";"1u";"C-EU0603-C-NOSILK";".0603-C-NOSILK";"CAPACITOR, European symbol";"";"1µF ±10% 25V Ceramic Capacitor X5R 0603 (1608 Metric)";"311-1445-1-ND";"";"";"";"";"";"";"Yageo";"";"CC0603KRX5R8BB105";"";"";"";"";"";"";"";"";"";"";"";"25V";"";
"C58";"8.2p";"C-EU0402-C-NOSILK";".0402-C-NOSILK";"CAPACITOR, European symbol";"";"C - 0402 8.2p, C0G, 50V";"1276-1729-1-ND";"";"Digikey";"";"";"6";"";"Samsung";"";"CL05C8R2CB5NNNC";"";"";"";"";"";"";"";"";"";"";"";"";"";
"C59";"8.2p";"C-EU0402-C-NOSILK";".0402-C-NOSILK";"CAPACITOR, European symbol";"";"C - 0402 8.2p, C0G, 50V";"1276-1729-1-ND";"";"Digikey";"";"";"6";"";"Samsung";"";"CL05C8R2CB5NNNC";"";"";"";"";"";"";"";"";"";"";"";"";"";
"C60";"1n";"C-EU0402-C-NOSILK";".0402-C-NOSILK";"CAPACITOR, European symbol";"";"1000pF ±5% 50V Ceramic Capacitor C0G, NP0 0402 (1005 Metric)";"1276-1635-1-ND";"";"";"";"";"";"";"Samsung Electro-Mechanics";"";"CL05C102JB5NNNC";"";"";"";"";"";"";"";"";"";"";"";"";"";
"C61";"1n";"C-EU0402-C-NOSILK";".0402-C-NOSILK";"CAPACITOR, European symbol";"";"1000pF ±5% 50V Ceramic Capacitor C0G, NP0 0402 (1005 Metric)";"1276-1635-1-ND";"";"";"";"";"";"";"Samsung Electro-Mechanics";"";"CL05C102JB5NNNC";"";"";"";"";"";"";"";"";"";"";"";"";"";
"C62";"82p";"C-EU0402-C-NOSILK";".0402-C-NOSILK";"CAPACITOR, European symbol";"";"C - 0402, 82p, C0G, 50V";"1276-1726-1-ND";"";"Digikey";"";"";"6";"";"Samsung";"";"CL05C820JB5NNNC";"";"";"";"";"";"";"";"";"";"";"";"";"";
"C63";"82p";"C-EU0402-C-NOSILK";".0402-C-NOSILK";"CAPACITOR, European symbol";"";"C - 0402, 82p, C0G, 50V";"1276-1726-1-ND";"";"Digikey";"";"";"6";"";"Samsung";"";"CL05C820JB5NNNC";"";"";"";"";"";"";"";"";"";"";"";"";"";
"C64";"22p";"C-EU0402-C-NOSILK";".0402-C-NOSILK";"CAPACITOR, European symbol";"";"22pF ±5% 50V Ceramic Capacitor C0G, NP0 0402 (1005 Metric)";"1276-1116-1-ND";"";"";"";"";"";"";"Samsung Electro-Mechanics";"";"CL05C220JB5NNNC";"";"";"CL05C220JB5NNNC";"";"";"";"";"";"";"";"";"";"";
"C65";"22p";"C-EU0402-C-NOSILK";".0402-C-NOSILK";"CAPACITOR, European symbol";"";"22pF ±5% 50V Ceramic Capacitor C0G, NP0 0402 (1005 Metric)";"1276-1116-1-ND";"";"";"";"";"";"";"Samsung Electro-Mechanics";"";"CL05C220JB5NNNC";"";"";"";"";"";"";"";"";"";"";"";"";"";
"C66";"22n";"C-EU0603-C-NOSILK";".0603-C-NOSILK";"CAPACITOR, European symbol";"";"0.022µF ±10% 25V Ceramic Capacitor X7R 0603 (1608 Metric)";"1276-1999-1-ND";"";"";"";"";"";"";"Samsung Electro-Mechanics";"";"CL10B223KA8NNNC";"";"";"";"";"";"";"";"";"";"";"";"";"";
"C67";"NP";"C-EU0603-C-NOSILK";".0603-C-NOSILK";"CAPACITOR, European symbol";"EXCLUDE";"";"";"";"Digikey";"";"";"";"";"";"";"";"";"";"";"";"";"";"";"";"";"";"";"";"";
"C68";"4.7u";"C-EU0603-C-NOSILK";".0603-C-NOSILK";"CAPACITOR, European symbol";"";"C - 0603, 4.7u, X5R, 16V";"1276-1784-1-ND";"";"Digikey";"";"";"6";"";"Samsung";"";"CL10A475KO8NNNC";"";"";"";"";"";"";"";"";"";"";"";"";"";
"C69";"22n";"C-EU0603-C-NOSILK";".0603-C-NOSILK";"CAPACITOR, European symbol";"";"0.022µF ±10% 25V Ceramic Capacitor X7R 0603 (1608 Metric)";"1276-1999-1-ND";"";"";"";"";"";"";"Samsung Electro-Mechanics";"";"CL10B223KA8NNNC";"";"";"";"";"";"";"";"";"";"";"";"";"";
"C70";"NP";"C-EU0603-C-NOSILK";".0603-C-NOSILK";"CAPACITOR, European symbol";"EXCLUDE";"";"";"";"Digikey";"";"";"";"";"";"";"";"";"";"";"";"";"";"";"";"";"";"";"";"";
"C71";"4.7u";"C-EU0603-C-NOSILK";".0603-C-NOSILK";"CAPACITOR, European symbol";"";"C - 0603, 4.7u, X5R, 16V";"1276-1784-1-ND";"";"Digikey";"";"";"6";"";"Samsung";"";"CL10A475KO8NNNC";"";"";"";"";"";"";"";"";"";"";"";"";"";
"C72";"10n";"C-EU0603-C-NOSILK";".0603-C-NOSILK";"CAPACITOR, European symbol";"";"10000pF ±5% 25V Ceramic Capacitor C0G, NP0 0603 (1608 Metric)";"1276-2172-1-ND";"";"";"";"";"";"";"Samsung Electro-Mechanics";"";"CL10C103JA8NNNC";"";"";"";"";"";"";"";"";"";"";"";"25V";"";
"C73";"1u";"C-EU0603-C-NOSILK";".0603-C-NOSILK";"CAPACITOR, European symbol";"";"1µF ±10% 25V Ceramic Capacitor X5R 0603 (1608 Metric)";"311-1445-1-ND";"";"";"";"";"";"";"Yageo";"";"CC0603KRX5R8BB105";"";"";"";"";"";"";"";"";"";"";"";"25V";"";
"C74";"NP";"C-EU0603-B-NOSILK";".0603-B-NOSILK";"CAPACITOR, European symbol";"EXCLUDE";"";"";"";"Digikey";"";"";"";"";"";"";"";"";"";"";"";"";"";"";"";"";"";"";"";"";
"C75";"1u";"C-EU0603-C-NOSILK";".0603-C-NOSILK";"CAPACITOR, European symbol";"";"1µF ±10% 25V Ceramic Capacitor X5R 0603 (1608 Metric)";"311-1445-1-ND";"";"";"";"";"";"";"Yageo";"";"CC0603KRX5R8BB105";"";"";"";"";"";"";"";"";"";"";"";"25V";"";
"C76";"0.047u";"C-EU0603-C-NOSILK";".0603-C-NOSILK";"CAPACITOR, European symbol";"";"0.047µF ±10% 50V Ceramic Capacitor X7R 0603 (1608 Metric)";"1276-1063-1-ND";"";"Digikey";"";"";"92";"";"Samsung Electro-Mechanics";"";"CL10B473KB8NNNC";"";"";"";"";"";"";"";"";"";"";"";"50V";"";
"C77";"NP";"C-EU0603-C-NOSILK";".0603-C-NOSILK";"CAPACITOR, European symbol";"EXCLUDE";"";"";"";"Digikey";"";"";"";"";"";"";"";"";"";"";"";"";"";"";"";"";"";"";"";"";
"C78";"1u";"C-EU0603-B-NOSILK";".0603-B-NOSILK";"CAPACITOR, European symbol";"";"1µF ±10% 25V Ceramic Capacitor X5R 0603 (1608 Metric)";"311-1445-1-ND";"";"";"";"";"";"";"Yageo";"";"CC0603KRX5R8BB105";"";"";"";"";"";"";"";"";"";"";"";"25V";"";
"C79";"22p";"C-EU0402-C-NOSILK";".0402-C-NOSILK";"CAPACITOR, European symbol";"";"22pF ±5% 50V Ceramic Capacitor C0G, NP0 0402 (1005 Metric)";"1276-1116-1-ND";"";"";"";"";"";"";"Samsung Electro-Mechanics";"";"CL05C220JB5NNNC";"";"";"";"";"";"";"";"";"";"";"";"";"";
"C80";"0.047u";"C-EU0603-C-NOSILK";".0603-C-NOSILK";"CAPACITOR, European symbol";"";"0.047µF ±10% 50V Ceramic Capacitor X7R 0603 (1608 Metric)";"1276-1063-1-ND";"";"Digikey";"";"";"92";"";"Samsung Electro-Mechanics";"";"CL10B473KB8NNNC";"";"";"";"";"";"";"";"";"";"";"";"50V";"";
"C81";"22p";"C-EU0402-C-NOSILK";".0402-C-NOSILK";"CAPACITOR, European symbol";"";"22pF ±5% 50V Ceramic Capacitor C0G, NP0 0402 (1005 Metric)";"1276-1116-1-ND";"";"";"";"";"";"";"Samsung Electro-Mechanics";"";"CL05C220JB5NNNC";"";"";"";"";"";"";"";"";"";"";"";"";"";
"C82";"1u";"C-EU0603-B-NOSILK";".0603-B-NOSILK";"CAPACITOR, European symbol";"";"1µF ±10% 25V Ceramic Capacitor X5R 0603 (1608 Metric)";"311-1445-1-ND";"";"";"";"";"";"";"Yageo";"";"CC0603KRX5R8BB105";"";"";"";"";"";"";"";"";"";"";"";"25V";"";
"C83";"NP";"C-EU0603-B-NOSILK";".0603-B-NOSILK";"CAPACITOR, European symbol";"EXCLUDE";"";"";"";"Digikey";"";"";"";"";"";"";"";"";"";"";"";"";"";"";"";"";"";"";"";"";
"C84";"0.047u";"C-EU0603-B-NOSILK";".0603-B-NOSILK";"CAPACITOR, European symbol";"";"0.047µF ±10% 50V Ceramic Capacitor X7R 0603 (1608 Metric)";"1276-1063-1-ND";"";"Digikey";"";"";"92";"";"Samsung Electro-Mechanics";"";"CL10B473KB8NNNC";"";"";"";"";"";"";"";"";"";"";"";"50V";"";
"C85";"22p";"C-EU0402-C-NOSILK";".0402-C-NOSILK";"CAPACITOR, European symbol";"";"22pF ±5% 50V Ceramic Capacitor C0G, NP0 0402 (1005 Metric)";"1276-1116-1-ND";"";"";"";"";"";"";"Samsung Electro-Mechanics";"";"CL05C220JB5NNNC";"";"";"";"";"";"";"";"";"";"";"";"";"";
"C86";"0.047u";"C-EU0603-B-NOSILK";".0603-B-NOSILK";"CAPACITOR, European symbol";"";"0.047µF ±10% 50V Ceramic Capacitor X7R 0603 (1608 Metric)";"1276-1063-1-ND";"";"";"";"";"";"";"Samsung Electro-Mechanics";"";"CL10B473KB8NNNC";"";"";"";"";"";"";"";"";"";"";"";"50V";"";
"C87";"1u";"CAP0603-1UF-25VDC";".0603-C-NOSILK-RESISTOR";"1µF ±10% 25V Ceramic Capacitor X5R 0603 (1608 Metric)";"";"1µF ±10% 25V Ceramic Capacitor X5R 0603 (1608 Metric)";"311-1445-1-ND";"";"";"";"";"";"";"YAGEO (PHYCOMP)";"";"CC0603KRX5R8BB105";"";"";"";"";"";"";"";"";"";"";"";"25V";"";
"C88";"10u";"CAP0603-10UF-25VDC";".0603-B-NOSILK-CAP";"10µF ±10% 25V Ceramic Capacitor X5R 0603 (1608 Metric)";"";"10µF ±10% 25V Ceramic Capacitor X5R 0603 (1608 Metric)";"490-18214-1-ND";"";"";"";"";"";"";"Murata Electronics";"";"GRM188R61E106KA73D";"";"";"";"";"";"";"";"";"";"";"";"25V";"";
"C89";"1u";"CAP0603-1UF-25VDC";".0603-C-NOSILK-RESISTOR";"1µF ±10% 25V Ceramic Capacitor X5R 0603 (1608 Metric)";"";"1µF ±10% 25V Ceramic Capacitor X5R 0603 (1608 Metric)";"311-1445-1-ND";"";"";"";"";"";"";"YAGEO (PHYCOMP)";"";"CC0603KRX5R8BB105";"";"";"";"";"";"";"";"";"";"";"";"25V";"";
"C90";"22u";"CAP0603-22UF";".0603-B-NOSILK-CAP";"22µF ±20% 10V Ceramic Capacitor X5R 0603 (1608 Metric)";"";"22µF ±20% 10V Ceramic Capacitor X5R 0603 (1608 Metric)";"ZRB18AR61A226ME01L-ND";"";"";"";"";"";"";"Murata Electronics";"";"ZRB18AR61A226ME01L";"";"";"";"";"";"";"";"";"";"";"";"10V";"";
"C91";"1u";"CAP0603-1UF-25VDC";".0603-C-NOSILK-RESISTOR";"1µF ±10% 25V Ceramic Capacitor X5R 0603 (1608 Metric)";"";"1µF ±10% 25V Ceramic Capacitor X5R 0603 (1608 Metric)";"311-1445-1-ND";"";"";"";"";"";"";"YAGEO (PHYCOMP)";"";"CC0603KRX5R8BB105";"";"";"";"";"";"";"";"";"";"";"";"25V";"";
"C92";"1u";"CAP0603-1UF-25VDC";".0603-C-NOSILK-RESISTOR";"1µF ±10% 25V Ceramic Capacitor X5R 0603 (1608 Metric)";"";"1µF ±10% 25V Ceramic Capacitor X5R 0603 (1608 Metric)";"311-1445-1-ND";"";"";"";"";"";"";"YAGEO (PHYCOMP)";"";"CC0603KRX5R8BB105";"";"";"";"";"";"";"";"";"";"";"";"25V";"";
"C93";"1u";"CAP0603-1UF-25VDC";".0603-C-NOSILK-RESISTOR";"1µF ±10% 25V Ceramic Capacitor X5R 0603 (1608 Metric)";"";"1µF ±10% 25V Ceramic Capacitor X5R 0603 (1608 Metric)";"311-1445-1-ND";"";"";"";"";"";"";"YAGEO (PHYCOMP)";"";"CC0603KRX5R8BB105";"";"";"";"";"";"";"";"";"";"";"";"25V";"";
"C94";"22u";"CAP0603-22UF";".0603-B-NOSILK-CAP";"22µF ±20% 10V Ceramic Capacitor X5R 0603 (1608 Metric)";"";"22µF ±20% 10V Ceramic Capacitor X5R 0603 (1608 Metric)";"ZRB18AR61A226ME01L-ND";"";"";"";"";"";"";"Murata Electronics";"";"ZRB18AR61A226ME01L";"";"";"";"";"";"";"";"";"";"";"";"10V";"";
"C95";"1u";"CAP0603-1UF-25VDC";".0603-C-NOSILK-RESISTOR";"1µF ±10% 25V Ceramic Capacitor X5R 0603 (1608 Metric)";"";"1µF ±10% 25V Ceramic Capacitor X5R 0603 (1608 Metric)";"311-1445-1-ND";"";"";"";"";"";"";"YAGEO (PHYCOMP)";"";"CC0603KRX5R8BB105";"";"";"";"";"";"";"";"";"";"";"";"25V";"";
"C96";"24p";"C-EU0402-C-NOSILK";".0402-C-NOSILK";"CAPACITOR, European symbol";"";"CAP CER 24PF 50V C0G/NP0 0402";"1276-1670-1-ND";"";"Digikey";"";"";"";"";"Samsung";"";"CL05C240JB5NNNC";"";"";"";"";"";"";"";"";"";"";"";"";"";
"C97";"0.1u";"C-EU0603-C-NOSILK";".0603-C-NOSILK";"CAPACITOR, European symbol";"";"0.1µF ±10% 10V Ceramic Capacitor X5R 0603 (1608 Metric)";"478-0603ZD104KAT2ACT-ND";"";"";"";"";"";"";"AVX";"";"0603ZD104KAT2A";"";"";"";"";"";"";"";"";"";"";"";"";"";
"C98";"100p";"C-EU0402-B-NOSILK";".0402-B-NOSILK";"CAPACITOR, European symbol";"";"1000pF ±5% 50V Ceramic Capacitor C0G, NP0 0402 (1005 Metric)";"1276-1635-1-ND";"";"";"";"";"";"";"Samsung Electro-Mechanics";"";"CL05C102JB5NNNC";"";"";"";"";"";"";"";"";"";"";"";"50V";"";
"C99";"100p";"C-EU0402-B-NOSILK";".0402-B-NOSILK";"CAPACITOR, European symbol";"";"1000pF ±5% 50V Ceramic Capacitor C0G, NP0 0402 (1005 Metric)";"1276-1635-1-ND";"";"Digikey";"";"";"";"";"Samsung Electro-Mechanics";"";"CL05C102JB5NNNC";"";"";"";"";"";"";"";"";"";"";"";"50V";"";
"C100";"1u";"C-EU0603-C-NOSILK";".0603-C-NOSILK";"CAPACITOR, European symbol";"";"1µF ±10% 25V Ceramic Capacitor X5R 0603 (1608 Metric)";"311-1445-1-ND";"";"";"";"";"";"";"Yageo";"";"CC0603KRX5R8BB105";"";"";"";"";"";"";"";"";"";"";"";"25V";"";
"C101";"2.0p";"C-EU0402-C-NOSILK";".0402-C-NOSILK";"CAPACITOR, European symbol";"";"2pF ±0.25pF 50V Ceramic Capacitor C0G, NP0 0402 (1005 Metric)";"311-1006-2-ND";"";"";"";"";"";"";"Yageo";"";"CC0402CRNPO9BN2R0";"";"";"";"";"";"";"";"";"";"";"";"50V";"";
"C102";"100p";"C-EU0402-C-NOSILK";".0402-C-NOSILK";"CAPACITOR, European symbol";"";"1000pF ±5% 50V Ceramic Capacitor C0G, NP0 0402 (1005 Metric)";"1276-1635-1-ND";"";"Digikey";"";"";"";"";"Samsung Electro-Mechanics";"";"CL05C102JB5NNNC";"";"";"";"";"";"";"";"";"";"";"";"50V";"";
"C103";"1u";"C-EU0603-C-NOSILK";".0603-C-NOSILK";"CAPACITOR, European symbol";"";"1µF ±10% 25V Ceramic Capacitor X5R 0603 (1608 Metric)";"311-1445-1-ND";"";"";"";"";"";"";"Yageo";"";"CC0603KRX5R8BB105";"";"";"";"";"";"";"";"";"";"";"";"25V";"";
"C104";"0.047u";"C-EU0603-C-NOSILK";".0603-C-NOSILK";"CAPACITOR, European symbol";"";"0.047µF ±10% 50V Ceramic Capacitor X7R 0603 (1608 Metric)";"1276-1063-1-ND";"";"";"";"";"";"";"Samsung Electro-Mechanics";"";"CL10B473KB8NNNC";"";"";"";"";"";"";"";"";"";"";"";"50V";"";
"C105";"100p";"C-EU0402-C-NOSILK";".0402-C-NOSILK";"CAPACITOR, European symbol";"";"1000pF ±5% 50V Ceramic Capacitor C0G, NP0 0402 (1005 Metric)";"1276-1635-1-ND";"";"Digikey";"";"";"";"";"Samsung Electro-Mechanics";"";"CL05C102JB5NNNC";"";"";"";"";"";"";"";"";"";"";"";"50V";"";
"C106";"560p";"C-EU0402-B-NOSILK";".0402-B-NOSILK";"CAPACITOR, European symbol";"";"C - 0402, 560p, C0G, 50V";"1276-1709-1-ND";"";"Digikey";"";"";"96";"";"Samsung";"";"CL05C561JB5NNNC";"";"";"";"";"";"";"";"";"";"";"";"";"";
"C107";"24p";"C-EU0402-C-NOSILK";".0402-C-NOSILK";"CAPACITOR, European symbol";"";"CAP CER 24PF 50V C0G/NP0 0402";"1276-1670-1-ND";"";"Digikey";"";"";"";"";"Samsung";"";"CL05C240JB5NNNC";"";"";"";"";"";"";"";"";"";"";"";"";"";
"C108";"24p";"C-EU0402-C-NOSILK";".0402-C-NOSILK";"CAPACITOR, European symbol";"";"CAP CER 24PF 50V C0G/NP0 0402";"1276-1670-1-ND";"";"Digikey";"";"";"";"";"Samsung";"";"CL05C240JB5NNNC";"";"";"";"";"";"";"";"";"";"";"";"";"";
"C109";"2.0p";"C-EU0402-C-NOSILK";".0402-C-NOSILK";"CAPACITOR, European symbol";"";"2pF ±0.25pF 50V Ceramic Capacitor C0G, NP0 0402 (1005 Metric)";"311-1006-2-ND";"";"";"";"";"";"";"Yageo";"";"CC0402CRNPO9BN2R0";"";"";"";"";"";"";"";"";"";"";"";"50V";"";
"C110";"24p";"C-EU0402-C-NOSILK";".0402-C-NOSILK";"CAPACITOR, European symbol";"";"CAP CER 24PF 50V C0G/NP0 0402";"1276-1670-1-ND";"";"Digikey";"";"";"";"";"Samsung";"";"CL05C240JB5NNNC";"";"";"";"";"";"";"";"";"";"";"";"";"";
"C111";"18.0p";"C-EU0402-C-NOSILK";".0402-C-NOSILK";"CAPACITOR, European symbol";"";"18pF ±5% 50V Ceramic Capacitor C0G, NP0 0402 (1005 Metric)";"1276-1140-1-ND";"";"";"";"";"";"";"Samsung Electro-Mechanics";"";"CL05C180JB5NNNC";"";"";"";"";"";"";"";"";"";"";"";"";"";
"C112";"12.0p";"C-EU0402-C-NOSILK";".0402-C-NOSILK";"CAPACITOR, European symbol";"";"12pF ±5% 50V Ceramic Capacitor C0G, NP0 0402 (1005 Metric)";"1276-1178-1-ND";"";"";"";"";"";"";"Samsung Electro-Mechanics";"";"CL05C120JB5NNNC";"";"";"";"";"";"";"";"";"";"";"";"";"";
"C113";"18.0p";"C-EU0402-C-NOSILK";".0402-C-NOSILK";"CAPACITOR, European symbol";"";"18pF ±5% 50V Ceramic Capacitor C0G, NP0 0402 (1005 Metric)";"1276-1140-1-ND";"";"";"";"";"";"";"Samsung Electro-Mechanics";"";"CL05C180JB5NNNC";"";"";"";"";"";"";"";"";"";"";"";"";"";
"C119";"0.1u";"CAP0603-0.1UF";".0603-B-NOSILK-CAP";"0.1µF ±10% 10V Ceramic Capacitor X5R 0603 (1608 Metric)";"";"0.1µF ±10% 10V Ceramic Capacitor X5R 0603 (1608 Metric)";"478-0603ZD104KAT2ACT-ND";"";"";"";"";"";"";"AVX";"";"0603ZD104KAT2A";"";"";"";"";"";"";"";"";"";"";"";"10V";"";
"C120";"47u";"CAP0603-47UF";".0603-B-NOSILK-CAP";"47µF ±20% 6.3V Ceramic Capacitor X5R 0603 (1608 Metric)";"";"47µF ±20% 6.3V Ceramic Capacitor X5R 0603 (1608 Metric)";"478-11180-2-ND";"";"";"";"";"";"";"AVX Corporation";"";"06036D476MAT2A";"";"";"";"";"";"";"";"";"";"";"";"6.3V";"";
"CM1";"J-MOLEX-SMPM-73300-003X";"J-MOLEX-SMPM-73300-003X";"J-MOLEX-SMPM-073300-003X";"";"";"";"";"";"";"";"";"";"";"";"";"";"Molex";"";"";"";"73300-0020";"";"";"";"";"";"";"";"";
"CM2";"J-MOLEX-SMPM-73300-003X";"J-MOLEX-SMPM-73300-003X";"J-MOLEX-SMPM-073300-003X";"";"";"";"";"";"";"";"";"";"";"";"";"";"Molex";"";"";"";"73300-0020";"";"";"";"";"";"";"";"";
"CM3";"J-MOLEX-SMPM-73300-003X";"J-MOLEX-SMPM-73300-003X";"J-MOLEX-SMPM-073300-003X";"";"";"";"";"";"";"";"";"";"";"";"";"";"Molex";"";"";"";"73300-0020";"";"";"";"";"";"";"";"";
"D1";"GREEN";"LED-GREEN0603";"LED-0603";"Green SMD LED";"";"Green 573nm LED Indication - Discrete 2V 0603 (1608 Metric)";"732-12017-1-ND";"";"";"";"";"";"";"Würth Elektronik";"";"150060VS55040";"";"";"";"";"";"";"";"";"";"";"GREEN";"";"";
"D2";"GREEN";"LED-GREEN0603";"LED-0603";"Green SMD LED";"";"Green 573nm LED Indication - Discrete 2V 0603 (1608 Metric)";"732-12017-1-ND";"";"";"";"";"";"";"Würth Elektronik";"";"150060VS55040";"";"";"";"";"";"";"";"";"";"";"GREEN";"";"";
"D3";"GREEN";"LED-GREEN0603";"LED-0603";"Green SMD LED";"";"Green 573nm LED Indication - Discrete 2V 0603 (1608 Metric)";"732-12017-1-ND";"";"";"";"";"";"";"Würth Elektronik";"";"150060VS55040";"";"";"";"";"";"";"DIO-00821";"";"";"";"GREEN";"";"";
"D5";"GREEN";"LED-GREEN0603";"LED-0603";"Green SMD LED";"";"Green 573nm LED Indication - Discrete 2V 0603 (1608 Metric)";"732-12017-1-ND";"";"";"";"";"";"";"Würth Elektronik";"";"150060VS55040";"";"";"";"";"";"";"";"";"";"";"GREEN";"";"";
"D6";"GREEN";"LED-GREEN0603";"LED-0603";"Green SMD LED";"";"Green 573nm LED Indication - Discrete 2V 0603 (1608 Metric)";"732-12017-1-ND";"";"";"";"";"";"";"Würth Elektronik";"";"150060VS55040";"";"";"";"";"";"";"";"";"";"";"GREEN";"";"";
"D11";"SN65220";"SN65220";"SOT23-6";"";"";"DUAL TVS USB TRANSIENT SUPP SOT23-6";"296-35921-1-ND";"";"Digikey";"";"";"";"";"Texas Instruments";"";"SN65220DBVRG4";"";"595-SN65220DBVRG4";"";"";"";"";"";"";"";"";"";"";"";
"DEBUG-0";"TEST-POINT-SMALL";"TEST-POINT-SMALL";"TEST-POINT-SMALL";"";"EXCLUDE";"";"";"";"";"";"";"";"";"";"";"";"";"";"";"";"";"";"";"";"";"";"";"";"";
"DEBUG-1";"TEST-POINT-SMALL";"TEST-POINT-SMALL";"TEST-POINT-SMALL";"";"EXCLUDE";"";"";"";"";"";"";"";"";"";"";"";"";"";"";"";"";"";"";"";"";"";"";"";"";
"DEBUG-2";"TEST-POINT-SMALL";"TEST-POINT-SMALL";"TEST-POINT-SMALL";"";"EXCLUDE";"";"";"";"";"";"";"";"";"";"";"";"";"";"";"";"";"";"";"";"";"";"";"";"";
"DEBUG-3";"TEST-POINT-SMALL";"TEST-POINT-SMALL";"TEST-POINT-SMALL";"";"EXCLUDE";"";"";"";"";"";"";"";"";"";"";"";"";"";"";"";"";"";"";"";"";"";"";"";"";
"ENABLE-UHF";"TEST-POINT-LARGE";"TEST-POINT-LARGE";"1X01";"";"EXCLUDE";"";"";"";"";"";"";"";"";"";"";"";"";"";"";"";"";"";"";"";"";"";"";"";"";
"GND";"TEST-POINT-LARGE";"TEST-POINT-LARGE";"1X01";"";"EXCLUDE";"";"";"";"";"";"";"";"";"";"";"";"";"";"";"";"";"";"";"";"";"";"";"";"";
"ILIM-OUT";"TEST-POINT-LARGE";"TEST-POINT-LARGE";"1X01";"";"";"";"";"";"";"";"";"";"";"";"";"";"";"";"";"";"";"";"";"";"";"";"";"";"";
"ILIM-OUT-U";"TEST-POINT-LARGE";"TEST-POINT-LARGE";"1X01";"";"";"";"";"";"";"";"";"";"";"";"";"";"";"";"";"";"";"";"";"";"";"";"";"";"";
"J5";"ORESAT-DEBUG-CONNECTOR-CARD";"ORESAT-DEBUG-CONNECTOR-CARD";"TE_2-1734592-0";"";"";"20 Position FPC Connector Contacts, Bottom 0.020" (0.50mm) Surface Mount, Right Angle";"A100287CT-ND";"";"";"";"";"";"";"TE Connectivity AMP Connectors";"";"2-1734592-0";"";"";"";"";"";"";"";"";"";"";"";"";"";
"J6";"J-SAMTEC-TFM-120-X1-XXX-D-RA";"J-SAMTEC-TFM-120-X1-XXX-D-RA";"J-SAMTEC-TFM-120-X1-XXX-D-RA";"";"";"Connector Header Through Hole, Right Angle 40 position 0.050" (1.27mm)";"SAM10145-ND";"";"";"";"";"";"";"Samtec";"";"TFM-120-01-L-D-RA";"";"";"";"";"";"";"";"";"";"";"";"";"";
"JP1";"";"PINHD-2X6";"2X06";"PIN HEADER";"EXCLUDE";"Connector Header Through Hole 12 position 0.100" (2.54mm)";"732-5297-ND";"";"";"";"";"";"";"Würth Elektronik";"";"61301221121";"";"";"";"";"";"8";"";"";"";"";"";"";"";
"JP2";"";"PINHD-2X6";"2X06";"PIN HEADER";"EXCLUDE";"Connector Header Through Hole 12 position 0.100" (2.54mm)";"732-5297-ND";"";"";"";"";"";"";"Würth Elektronik";"";"61301221121";"";"";"";"";"";"8";"";"";"";"";"";"";"";
"L2";"6.8u";"L-ECS-MPI4040";"ECS-MPI4040";"";"";"6.8µH Shielded  Inductor 2.4A 91mOhm Nonstandard";"XC2337CT-ND";"";"";"";"";"";"";"ECS Inc.";"";"ECS-MPI4040R4-6R8-R";"";"";"";"";"";"";"";"";"";"";"";"";"";
"L4";"3.9n";"L-US0402-C-NOSILK";".0402-C-NOSILK";"INDUCTOR, American symbol";"";"L - 0402, 3.9n";"";"";"Mouser";"";"";"1";"";"";"";"0402CS-3N9XGL";"";"";"994-0402CS-3N9XGLW";"";"";"";"";"";"";"";"";"";"";
"L5";"18n";"L-US0402-B-NOSILK";".0402-B-NOSILK";"INDUCTOR, American symbol";"";"18nH Unshielded Wirewound Inductor 900mA 120mOhm 0402 (1005 Metric)";"2035-1083-1-ND";"";"";"";"";"";"";"Delta Electronics/Components";"";"0402HP-18NXGL";"";"";"994-0402HP-18NXGLU";"";"";"";"";"";"";"";"";"";"";
"L6";"43n";"L-US0402-C-NOSILK";".0402-C-NOSILK";"INDUCTOR, American symbol";"";"43nH Unshielded Wirewound Inductor 515mA 516mOhm Max 0402 (1005 Metric)";"490-15447-1-ND";"";"";"";"";"";"";"Murata Electronics";"";"LQW15AN43NG8ZD";"";"";"";"";"";"";"";"";"";"";"";"";"";
"L7";"43n";"L-US0402-C-NOSILK";".0402-C-NOSILK";"INDUCTOR, American symbol";"";"43nH Unshielded Wirewound Inductor 515mA 516mOhm Max 0402 (1005 Metric)";"490-15447-1-ND";"";"";"";"";"";"";"Murata Electronics";"";"LQW15AN43NG8ZD";"";"";"";"";"";"";"";"";"";"";"";"";"";
"L8";"91n";"L-US0603-C-NOSILK";".0603-C-NOSILK";"INDUCTOR, American symbol";"";"91nH Unshielded Wirewound Inductor 520mA 540mOhm Max 0603 (1608 Metric)";"490-15756-1-ND";"";"";"";"";"";"";"Murata Electronics";"";"LQW18AN91NG8ZD";"";"";"";"";"";"";"";"";"";"";"";"";"";
"L9";"91n";"L-US0603-C-NOSILK";".0603-C-NOSILK";"INDUCTOR, American symbol";"";"91nH Unshielded Wirewound Inductor 520mA 540mOhm Max 0603 (1608 Metric)";"490-15756-1-ND";"";"";"";"";"";"";"Murata Electronics";"";"LQW18AN91NG8ZD";"";"";"";"";"";"";"";"";"";"";"";"";"";
"L10";"43n";"L-US0402-C-NOSILK";".0402-C-NOSILK";"INDUCTOR, American symbol";"";"43nH Unshielded Wirewound Inductor 515mA 516mOhm Max 0402 (1005 Metric)";"490-15447-1-ND";"";"";"";"";"";"";"Murata Electronics";"";"LQW15AN43NG8ZD";"";"";"";"";"";"";"";"";"";"";"";"";"";
"L11";"43n";"L-US0402-C-NOSILK";".0402-C-NOSILK";"INDUCTOR, American symbol";"";"43nH Unshielded Wirewound Inductor 515mA 516mOhm Max 0402 (1005 Metric)";"490-15447-1-ND";"";"";"";"";"";"";"Murata Electronics";"";"LQW15AN43NG8ZD";"";"";"";"";"";"";"";"";"";"";"";"";"";
"L12";"91n";"L-US0603-C-NOSILK";".0603-C-NOSILK";"INDUCTOR, American symbol";"";"91nH Unshielded Wirewound Inductor 520mA 540mOhm Max 0603 (1608 Metric)";"490-15756-1-ND";"";"Digikey";"";"";"5";"";"Murata Electronics";"";"LQW18AN91NG8ZD";"";"";"";"";"";"";"";"";"";"";"";"";"";
"L13";"91n";"L-US0603-C-NOSILK";".0603-C-NOSILK";"INDUCTOR, American symbol";"";"91nH Unshielded Wirewound Inductor 520mA 540mOhm Max 0603 (1608 Metric)";"490-15756-1-ND";"";"Digikey";"";"";"5";"";"Murata Electronics";"";"LQW18AN91NG8ZD";"";"";"";"";"";"";"";"";"";"";"";"";"";
"L14";"18n";"L-US0402-B-NOSILK";".0402-B-NOSILK";"INDUCTOR, American symbol";"";"18nH Unshielded Wirewound Inductor 900mA 120mOhm 0402 (1005 Metric)";"2035-1083-1-ND";"";"";"";"";"";"";"Delta Electronics/Components";"";"0402HP-18NXGL";"";"";"994-0402HP-18NXGLU";"";"";"";"";"";"";"";"";"";"";
"L17";"6.8u";"L-ECS-MPI4040";"ECS-MPI4040";"";"";"6.8µH Shielded  Inductor 2.4A 91mOhm Nonstandard";"XC2337CT-ND";"";"";"";"";"";"";"ECS Inc.";"";"ECS-MPI4040R4-6R8-R";"";"";"";"";"";"";"";"";"";"";"";"";"";
"L18";"22n";"L-US0603-C-NOSILK";".0603-C-NOSILK";"INDUCTOR, American symbol";"";"27nH Unshielded Wirewound Inductor 440mA 210mOhm Max 0603 (1608 Metric)";"490-6879-1-ND";"";"";"";"";"";"";"Murata Electronics";"";"LQW18AN27NG00D";"";"";"";"";"";"";"";"";"";"";"";"";"";
"L19";"22n";"L-US0603-C-NOSILK";".0603-C-NOSILK";"INDUCTOR, American symbol";"";"27nH Unshielded Wirewound Inductor 440mA 210mOhm Max 0603 (1608 Metric)";"490-6879-1-ND";"";"";"";"";"";"";"Murata Electronics";"";"LQW18AN27NG00D";"";"";"";"";"";"";"";"";"";"";"";"";"";
"L20";"0.047u";"L-US0603-C-NOSILK";".0603-C-NOSILK";"INDUCTOR, American symbol";"";"47nH Unshielded Wirewound Inductor 600mA 280mOhm Max 0603 (1608 Metric)";"490-15832-1-ND";"";"";"";"";"";"";"Murata Electronics";"";"LQW18AS47NG0ZD";"";"";"994-0402HP-47NXGLU";"";"";"";"";"";"";"";"";"";"";
"L21";"2.0n";"L-US0402-C-NOSILK";".0402-C-NOSILK";"INDUCTOR, American symbol";"";"L - 0402, 2.0n";"";"";"Mouser";"";"";"1";"";"";"";"0402CS-2N0XGL";"";"";"994-0402CS-2N0XGLW";"";"";"";"";"";"";"";"";"";"";
"L22";"10n";"L-US0603-C-NOSILK";".0603-C-NOSILK";"INDUCTOR, American symbol";"";"10nH Unshielded Wirewound Inductor 650mA 110mOhm Max 0603 (1608 Metric)";"490-6856-1-ND";"";"";"";"";"";"";"Murata Electronics";"";"LQW18AN10NG00D‎";"";"";"";"";"";"";"";"";"";"";"";"";"";
"L23";"91n";"L-US0603-C-NOSILK";".0603-C-NOSILK";"INDUCTOR, American symbol";"";"91nH Unshielded Wirewound Inductor 520mA 540mOhm Max 0603 (1608 Metric)";"490-15756-1-ND";"";"";"";"";"";"";"Murata Electronics";"";"LQW18AN91NG8ZD";"";"";"";"";"";"";"";"";"";"";"";"";"";
"L24";"91n";"L-US0603-C-NOSILK";".0603-C-NOSILK";"INDUCTOR, American symbol";"";"91nH Unshielded Wirewound Inductor 520mA 540mOhm Max 0603 (1608 Metric)";"490-15756-1-ND";"";"";"";"";"";"";"Murata Electronics";"";"LQW18AN91NG8ZD";"";"";"";"";"";"";"";"";"";"";"";"";"";
"L26";"5.6n";"L-US0402-C-NOSILK";".0402-C-NOSILK";"INDUCTOR, American symbol";"";"0402HP Ceramic Chip 5.6 nH 2 % 1.6 A ";"";"";"Mouser";"";"";"";"";"";"";"0402HP-5N6XGLW";"";"";"994-0402HP-5N6XGLW";"";"";"";"";"";"";"";"";"";"";
"L27";"68n";"L-US0402-C-NOSILK";".0402-C-NOSILK";"INDUCTOR, American symbol";"";"L - 0402HPH Ceramic Chip 68 nH 2 % 0.32 A";"";"";"Mouser";"";"";"";"";"";"";"0402HPH-68NXGLW";"";"";"994-0402HPH-68NXGLW";"";"";"";"";"";"";"";"";"";"";
"L28";"5.6n";"L-US0402-C-NOSILK";".0402-C-NOSILK";"INDUCTOR, American symbol";"";"0402HP Ceramic Chip 5.6 nH 2 % 1.6 A ";"";"";"Mouser";"";"";"";"";"";"";"0402HP-5N6XGLW";"";"";"994-0402HP-5N6XGLW";"";"";"";"";"";"";"";"";"";"";
"L29";"5.6n";"L-US0402-C-NOSILK";".0402-C-NOSILK";"INDUCTOR, American symbol";"";"0402HP Ceramic Chip 5.6 nH 2 % 1.6 A ";"";"";"Mouser";"";"";"";"";"";"";"0402HP-5N6XGLW";"";"";"994-0402HP-5N6XGLW";"";"";"";"";"";"";"";"";"";"";
"L30";"68n";"L-US0402-C-NOSILK";".0402-C-NOSILK";"INDUCTOR, American symbol";"";"L - 0402HPH Ceramic Chip 68 nH 2 % 0.32 A";"";"";"Mouser";"";"";"";"";"";"";"0402HPH-68NXGLW";"";"";"994-0402HPH-68NXGLW";"";"";"";"";"";"";"";"";"";"";
"L31";"5.6n";"L-US0402-C-NOSILK";".0402-C-NOSILK";"INDUCTOR, American symbol";"";"0402HP Ceramic Chip 5.6 nH 2 % 1.6 A ";"";"";"Mouser";"";"";"";"";"";"";"0402HP-5N6XGLW";"";"";"994-0402HP-5N6XGLW";"";"";"";"";"";"";"";"";"";"";
"L38";"15.0n";"L-US0402-C-NOSILK";".0402-C-NOSILK";"INDUCTOR, American symbol";"";"15nH Unshielded Wirewound Inductor 1.1A 110mOhm 0402 (1005 Metric)";"2035-1081-1-ND  ";"";"";"";"";"";"";"Delta Electronics/Components";"";"0402HP-15NXGLW";"";"";"994-0402HP-15NXGLW";"";"";"";"";"";"";"";"";"";"";
"L39";"15.0n";"L-US0402-C-NOSILK";".0402-C-NOSILK";"INDUCTOR, American symbol";"";"15nH Unshielded Wirewound Inductor 1.1A 110mOhm 0402 (1005 Metric)";"2035-1081-1-ND  ";"";"";"";"";"";"";"Delta Electronics/Components";"";"0402HP-15NXGLW";"";"";"994-0402HP-15NXGLW";"";"";"";"";"";"";"";"";"";"";
"NRST";"TEST-POINT-LARGE";"TEST-POINT-LARGE";"1X01";"";"EXCLUDE";"";"";"";"";"";"";"";"";"";"";"";"";"";"";"";"";"";"";"";"";"";"";"";"";
"OPD-ENABLE";"TEST-POINT-LARGE";"TEST-POINT-LARGE";"1X01";"";"";"";"";"";"";"";"";"";"";"";"";"";"";"";"";"";"";"";"";"";"";"";"";"";"";
"OPD-FAULT";"TEST-POINT-LARGE";"TEST-POINT-LARGE";"1X01";"";"";"";"";"";"";"";"";"";"";"";"";"";"";"";"";"";"";"";"";"";"";"";"";"";"";
"OPD-ISET";"TEST-POINT-LARGE";"TEST-POINT-LARGE";"1X01";"";"";"";"";"";"";"";"";"";"";"";"";"";"";"";"";"";"";"";"";"";"";"";"";"";"";
"PA1";"TEST-POINT-LARGE";"TEST-POINT-LARGE";"1X01";"";"EXCLUDE";"";"";"";"";"";"";"";"";"";"";"";"";"";"";"";"";"";"";"";"";"";"";"";"";
"PA15";"TEST-POINT-LARGE";"TEST-POINT-LARGE";"1X01";"";"EXCLUDE";"";"";"";"";"";"";"";"";"";"";"";"";"";"";"";"";"";"";"";"";"";"";"";"";
"PG";"TEST-POINT-LARGE";"TEST-POINT-LARGE";"1X01";"";"";"";"";"";"";"";"";"";"";"";"";"";"";"";"";"";"";"";"";"";"";"";"";"";"";
"PG-U";"TEST-POINT-LARGE";"TEST-POINT-LARGE";"1X01";"";"";"";"";"";"";"";"";"";"";"";"";"";"";"";"";"";"";"";"";"";"";"";"";"";"";
"Q1";"MOSFET-PCH-SOT23-6";"MOSFET-PCH-SOT23-6";"SOT23-6";"P channel MOSFET in an SOT23-6";"";"P-Channel 30V 4.5A (Ta) 1.8W (Ta) Surface Mount TSOT-26";"DMP3050LVT-7DICT-ND";"";"";"";"";"";"";"Diodes Incorporated";"";"DMP3050LVT-7";"";"";"";"";"";"";"";"";"";"";"";"";"";
"Q2";"MOSFET-PCH-SOT23-6";"MOSFET-PCH-SOT23-6";"SOT23-6";"P channel MOSFET in an SOT23-6";"";"P-Channel 30V 4.5A (Ta) 1.8W (Ta) Surface Mount TSOT-26";"DMP3050LVT-7DICT-ND";"";"";"";"";"";"";"Diodes Incorporated";"";"DMP3050LVT-7";"";"";"";"";"";"";"";"";"";"";"";"";"";
"Q3";"PMV45EN2R";"PMV45EN2R";"SOT23";"Nexperia PMV45EN2R N-channel MOSFET, 5.1 A, 30 V PMV45EN2, 3-Pin SOT-23";"";"Nexperia PMV45EN2R N-channel MOSFET, 5.1 A, 30 V PMV45EN2, 3-Pin SOT-23";"";"Digi-Key";"";"1727-2307-1-ND";"1.1mm";"";"";"";"Nexperia";"PMV45EN2R";"Nexperia";"";"771-PMV45EN2R";"https://www.mouser.com/Search/Refine.aspx?Keyword=771-PMV45EN2R";"PMV45EN2R";"";"";"1364835P";"http://uk.rs-online.com/web/p/products/1364835P";"";"";"";"";
"Q4";"MOSFET-PCH-SOT23-6";"MOSFET-PCH-SOT23-6";"SOT23-6";"P channel MOSFET in an SOT23-6";"";"P-Channel 30V 4.5A (Ta) 1.8W (Ta) Surface Mount TSOT-26";"DMP3050LVT-7DICT-ND";"";"";"";"";"";"";"Diodes Incorporated";"";"DMP3050LVT-7";"";"";"";"";"";"";"";"";"";"";"";"";"";
"Q5";"PMV45EN2R";"PMV45EN2R";"SOT23";"Nexperia PMV45EN2R N-channel MOSFET, 5.1 A, 30 V PMV45EN2, 3-Pin SOT-23";"";"Nexperia PMV45EN2R N-channel MOSFET, 5.1 A, 30 V PMV45EN2, 3-Pin SOT-23";"";"Digi-Key";"";"1727-2307-1-ND";"1.1mm";"";"";"";"Nexperia";"PMV45EN2R";"Nexperia";"";"771-PMV45EN2R";"https://www.mouser.com/Search/Refine.aspx?Keyword=771-PMV45EN2R";"PMV45EN2R";"";"";"1364835P";"http://uk.rs-online.com/web/p/products/1364835P";"";"";"";"";
"Q6";"MOSFET-P-N-PAIR";"MOSFET-P-N-PAIR";"SOT23-6";"";"";"Mosfet Array N and P-Channel 20V 1.34A, 1.14A 1.12W Surface Mount SOT-26";"DMC2700UDM-7CT-ND";"";"";"";"";"";"";"Diodes Incorporated";"";"DMC2700UDM-7";"";"";"";"";"";"";"";"";"";"";"";"";"";
"Q7";"BFPXXXF";"BFPXXXF";"TSFP4";"Infineon NPN RF Bipolar Transistor Family";"";"RF Transistor NPN 4.7V 30mA 42GHz 160mW Surface Mount 4-TSFP";"BFP740FH6327XTSA1CT-ND";"";"Digikey";"";"";"";"";"";"Infineon Technologies";"BFP740FH6327XTSA1";"";"";"";"";"";"";"";"";"";"";"";"";"";
"Q9";"BFPXXXF";"BFPXXXF";"TSFP4";"Infineon NPN RF Bipolar Transistor Family";"";"RF Transistor NPN 4.7V 30mA 42GHz 160mW Surface Mount 4-TSFP";"BFP740FH6327XTSA1CT-ND";"";"Mouser";"";"";"";"";"Infineon Technologies";"";"BFP740FH6327XTSA1";"";"";"";"";"";"";"";"";"";"";"";"";"";
"Q10";"PMOS";"BSS84";"SOT23";"P-CHANNEL MOS FET";"";"MOSFET P-CH 50V 130MA SOT-23";"BSS84CT-ND";"";"Digikey";"";"";"";"";"ON Semiconductor";"";"BSS84";"";"";"";"";"";"8";"";"";"";"";"";"";"";
"R1";"2.7k";"R0603-2.7K-OHMS";".0603-C-NOSILK-RESISTOR";"2.7 kOhms ±1% 0.1W, 1/10W Chip Resistor 0603 (1608 Metric) Moisture Resistant Thick Film";"";"2.7 kOhms ±1% 0.1W, 1/10W Chip Resistor 0603 (1608 Metric) Moisture Resistant Thick Film";"CR0603-FX-2701ELFCT-ND";"";"";"";"";"";"";"Bourns";"";"CR0603-FX-2701ELF";"";"";"";"";"";"";"";"";"";"";"";"";"";
"R2";"2.7k";"R0603-2.7K-OHMS";".0603-C-NOSILK-RESISTOR";"2.7 kOhms ±1% 0.1W, 1/10W Chip Resistor 0603 (1608 Metric) Moisture Resistant Thick Film";"";"2.7 kOhms ±1% 0.1W, 1/10W Chip Resistor 0603 (1608 Metric) Moisture Resistant Thick Film";"CR0603-FX-2701ELFCT-ND";"";"";"";"";"";"";"Bourns";"";"CR0603-FX-2701ELF";"";"";"";"";"";"";"";"";"";"";"";"";"";
"R3";"2.7k";"R0603-2.7K-OHMS";".0603-C-NOSILK-RESISTOR";"2.7 kOhms ±1% 0.1W, 1/10W Chip Resistor 0603 (1608 Metric) Moisture Resistant Thick Film";"";"2.7 kOhms ±1% 0.1W, 1/10W Chip Resistor 0603 (1608 Metric) Moisture Resistant Thick Film";"CR0603-FX-2701ELFCT-ND";"";"";"";"";"";"";"Bourns";"";"CR0603-FX-2701ELF";"";"";"";"";"";"";"";"";"";"";"";"";"";
"R4";"2.7k";"R0603-2.7K-OHMS";".0603-C-NOSILK-RESISTOR";"2.7 kOhms ±1% 0.1W, 1/10W Chip Resistor 0603 (1608 Metric) Moisture Resistant Thick Film";"";"2.7 kOhms ±1% 0.1W, 1/10W Chip Resistor 0603 (1608 Metric) Moisture Resistant Thick Film";"CR0603-FX-2701ELFCT-ND";"";"";"";"";"";"";"Bourns";"";"CR0603-FX-2701ELF";"";"";"";"";"";"";"";"";"";"";"";"";"";
"R5";"31.6k";"R0603-31.6K-OHMS";".0603-C-NOSILK-RESISTOR";"31.6 kOhms ±1% 0.1W, 1/10W Chip Resistor 0603 (1608 Metric) Moisture Resistant Thick Film";"";"31.6 kOhms ±1% 0.1W, 1/10W Chip Resistor 0603 (1608 Metric) Moisture Resistant Thick Film";"CR0603-FX-3162ELFCT-ND";"";"";"";"";"";"";"Bourns";"";"CR0603-FX-3162ELF";"";"";"";"";"";"";"";"";"";"";"";"";"";
"R6";"3.1k";"R0603-3.1K-OHMS";".0603-C-NOSILK-RESISTOR";"3.1 kOhms ±1% 0.125W, 1/8W Chip Resistor 0603 (1608 Metric) Anti-Sulfur Thin Film";"";"3.1 kOhms ±1% 0.125W, 1/8W Chip Resistor 0603 (1608 Metric) Anti-Sulfur Thin Film";"MCT06030C3101FP500-ND";"";"";"";"";"";"";"Vishay Beyschlag";"";"MCT06030C3101FP500";"";"";"";"";"";"";"";"";"";"";"";"";"";
"R7";"10k";"R0603-10K-OHMS";".0603-C-NOSILK-RESISTOR";"10 kOhms ±1% 0.1W, 1/10W Chip Resistor 0603 (1608 Metric) Moisture Resistant Thick Film";"";"10 kOhms ±1% 0.1W, 1/10W Chip Resistor 0603 (1608 Metric) Moisture Resistant Thick Film";"CR0603-FX-1002ELFCT-ND";"";"";"";"";"";"";"Bourns";"";"CR0603-FX-1002ELF";"";"";"";"";"";"";"";"";"";"";"";"";"";
"R8";"10k";"R0603-10K-OHMS";".0603-C-NOSILK-RESISTOR";"10 kOhms ±1% 0.1W, 1/10W Chip Resistor 0603 (1608 Metric) Moisture Resistant Thick Film";"";"10 kOhms ±1% 0.1W, 1/10W Chip Resistor 0603 (1608 Metric) Moisture Resistant Thick Film";"CR0603-FX-1002ELFCT-ND";"";"";"";"";"";"";"Bourns";"";"CR0603-FX-1002ELF";"";"";"";"";"";"";"";"";"";"";"";"";"";
"R9";"10k";"R0603-10K-OHMS";".0603-C-NOSILK-RESISTOR";"10 kOhms ±1% 0.1W, 1/10W Chip Resistor 0603 (1608 Metric) Moisture Resistant Thick Film";"";"10 kOhms ±1% 0.1W, 1/10W Chip Resistor 0603 (1608 Metric) Moisture Resistant Thick Film";"CR0603-FX-1002ELFCT-ND";"";"";"";"";"";"";"Bourns";"";"CR0603-FX-1002ELF";"";"";"";"";"";"";"";"";"";"";"";"";"";
"R10";"NP";"R0603-0-OHMS";".0603-C-NOSILK-RESISTOR";"0 Ohms Jumper 0.1W, 1/10W Chip Resistor 0603 (1608 Metric)  Thick Film";"EXCLUDE";"0 Ohms Jumper 0.1W, 1/10W Chip Resistor 0603 (1608 Metric)  Thick Film";"541-4012-1-ND";"";"";"";"";"";"";"Vishay Dale";"";"CRCW06030000Z0EAC";"";"";"";"";"";"";"";"";"";"";"";"";"";
"R11";"10k";"R0603-10K-OHMS";".0603-C-NOSILK-RESISTOR";"10 kOhms ±1% 0.1W, 1/10W Chip Resistor 0603 (1608 Metric) Moisture Resistant Thick Film";"";"10 kOhms ±1% 0.1W, 1/10W Chip Resistor 0603 (1608 Metric) Moisture Resistant Thick Film";"CR0603-FX-1002ELFCT-ND";"";"";"";"";"";"";"Bourns";"";"CR0603-FX-1002ELF";"";"";"";"";"";"";"";"";"";"";"";"";"";
"R12";"0";"R0603-0-OHMS";".0603-C-NOSILK-RESISTOR";"0 Ohms Jumper 0.1W, 1/10W Chip Resistor 0603 (1608 Metric)  Thick Film";"";"0 Ohms Jumper 0.1W, 1/10W Chip Resistor 0603 (1608 Metric)  Thick Film";"541-4012-1-ND";"";"";"";"";"";"";"Vishay Dale";"";"CRCW06030000Z0EAC";"";"";"";"";"";"";"";"";"";"";"";"";"";
"R13";"100k";"R0603-100K-OHMS";".0603-C-NOSILK-RESISTOR";"100 kOhms ±5% 0.1W, 1/10W Chip Resistor 0603 (1608 Metric) Automotive AEC-Q200 Thick Film";"";"100 kOhms ±1% 0.1W, 1/10W Chip Resistor 0603 (1608 Metric) Automotive AEC-Q200 Thick Film";"RMCF0603FT100KCT-ND";"";"";"";"";"";"";"Stackpole Electronics Inc";"";"RMCF0603FT100K";"";"";"";"";"";"";"";"";"";"";"";"";"";
"R14";"10k";"EXB-A10P391JC_ARRAY_EXBA-M";"ARRAY_EXBA-M";"";"";"10k Ohm ±5% 62.5mW Power Per Element Bussed  Resistor Network/Array ±200ppm/°C 2512 (6432 Metric), Concave, Long Side Terminals";"U7103CT-ND";"";"";"";"";"";"";"Panasonic Electronic Components";"";"EXB-A10P103J";"";"";"";"";"";"";"";"";"";"";"";"";"";
"R15";"10k";"EXB-A10P391JC_ARRAY_EXBA-M";"ARRAY_EXBA-M";"";"";"10k Ohm ±5% 62.5mW Power Per Element Bussed  Resistor Network/Array ±200ppm/°C 2512 (6432 Metric), Concave, Long Side Terminals";"U7103CT-ND";"";"";"";"";"";"";"Panasonic Electronic Components";"";"EXB-A10P103J";"";"";"";"";"";"";"";"";"";"";"";"";"";
"R16";"10k";"R0603-10K-OHMS";".0603-C-NOSILK-RESISTOR";"10 kOhms ±1% 0.1W, 1/10W Chip Resistor 0603 (1608 Metric) Moisture Resistant Thick Film";"";"10 kOhms ±1% 0.1W, 1/10W Chip Resistor 0603 (1608 Metric) Moisture Resistant Thick Film";"CR0603-FX-1002ELFCT-ND";"";"";"";"";"";"";"Bourns";"";"CR0603-FX-1002ELF";"";"";"";"";"";"";"";"";"";"";"";"";"";
"R17";"10k";"R0603-10K-OHMS";".0603-C-NOSILK-RESISTOR";"10 kOhms ±1% 0.1W, 1/10W Chip Resistor 0603 (1608 Metric) Moisture Resistant Thick Film";"";"10 kOhms ±1% 0.1W, 1/10W Chip Resistor 0603 (1608 Metric) Moisture Resistant Thick Film";"CR0603-FX-1002ELFCT-ND";"";"";"";"";"";"";"Bourns";"";"CR0603-FX-1002ELF";"";"";"";"";"";"";"";"";"";"";"";"";"";
"R18";"10";"R0603-10-OHMS";".0603-C-NOSILK-RESISTOR";"10 Ohms ±1% 0.1W, 1/10W Chip Resistor 0603 (1608 Metric) Moisture Resistant Thick Film";"";"10 Ohms ±1% 0.1W, 1/10W Chip Resistor 0603 (1608 Metric) Moisture Resistant Thick Film";"CR0603-FX-10R0ELFCT-ND";"";"";"";"";"";"";"Bourns";"";"CR0603-FX-10R0ELF";"";"";"";"";"";"";"";"";"";"";"";"";"";
"R19";"0";"R0603-0-OHMS";".0603-C-NOSILK-RESISTOR";"0 Ohms Jumper 0.1W, 1/10W Chip Resistor 0603 (1608 Metric)  Thick Film";"";"0 Ohms Jumper 0.1W, 1/10W Chip Resistor 0603 (1608 Metric)  Thick Film";"541-4012-1-ND";"";"";"";"";"";"";"Vishay Dale";"";"CRCW06030000Z0EAC";"";"";"";"";"";"";"";"";"";"";"";"";"";
"R20";"10k";"R0603-10K-OHMS";".0603-C-NOSILK-RESISTOR";"10 kOhms ±1% 0.1W, 1/10W Chip Resistor 0603 (1608 Metric) Moisture Resistant Thick Film";"";"10 kOhms ±1% 0.1W, 1/10W Chip Resistor 0603 (1608 Metric) Moisture Resistant Thick Film";"CR0603-FX-1002ELFCT-ND";"";"";"";"";"";"";"Bourns";"";"CR0603-FX-1002ELF";"";"";"";"";"";"";"";"";"";"";"";"";"";
"R21";"2.7k";"R-US_0603-B-NOSILK";".0603-B-NOSILK";"RESISTOR, American symbol";"";"2.7 kOhms ±1% 0.1W, 1/10W Chip Resistor 0603 (1608 Metric) Moisture Resistant Thick Film";"CR0603-FX-2701ELFCT-ND";"";"";"";"";"";"";"Bourns Inc.";"";"CR0603-FX-2701ELF";"";"";"";"";"";"";"";"";"";"";"";"";"";
"R22";"0";"R0603-0-OHMS";".0603-C-NOSILK-RESISTOR";"0 Ohms Jumper 0.1W, 1/10W Chip Resistor 0603 (1608 Metric)  Thick Film";"";"0 Ohms Jumper 0.1W, 1/10W Chip Resistor 0603 (1608 Metric)  Thick Film";"541-4012-1-ND";"";"";"";"";"";"";"Vishay Dale";"";"CRCW06030000Z0EAC";"";"";"";"";"";"";"";"";"";"";"";"";"";
"R23";"10";"R0603-10-OHMS";".0603-C-NOSILK-RESISTOR";"10 Ohms ±1% 0.1W, 1/10W Chip Resistor 0603 (1608 Metric) Moisture Resistant Thick Film";"";"10 Ohms ±1% 0.1W, 1/10W Chip Resistor 0603 (1608 Metric) Moisture Resistant Thick Film";"CR0603-FX-10R0ELFCT-ND";"";"";"";"";"";"";"Bourns";"";"CR0603-FX-10R0ELF";"";"";"";"";"";"";"";"";"";"";"";"";"";
"R24";"10k";"R0603-10K-OHMS";".0603-C-NOSILK-RESISTOR";"10 kOhms ±1% 0.1W, 1/10W Chip Resistor 0603 (1608 Metric) Moisture Resistant Thick Film";"";"10 kOhms ±1% 0.1W, 1/10W Chip Resistor 0603 (1608 Metric) Moisture Resistant Thick Film";"CR0603-FX-1002ELFCT-ND";"";"";"";"";"";"";"Bourns";"";"CR0603-FX-1002ELF";"";"";"";"";"";"";"";"";"";"";"";"";"";
"R25";"50";"R-US_0402-C-NOSILK";".0402-C-NOSILK";"RESISTOR, American symbol";"";"50 Ohms ±0.1% 0.05W, 1/20W Chip Resistor 0402 (1005 Metric) RF, High Frequency Thin Film";"FC0402-50BWCT-ND";"";"";"";"";"";"";"Vishay Thin Film";"";"FC0402E50R0BST1";"";"";"";"";"";"";"";"";"";"";"";"";"";
"R26";"47k";"R-US_0603-B-NOSILK";".0603-B-NOSILK";"RESISTOR, American symbol";"";"RES 47K OHM 1% 1/10W 0603";"RMCF0603FT47K0CT-ND";"";"Digikey";"";"";"83";"";"";"";"RMCF0603FT47K0";"";"";"";"";"";"";"";"";"";"";"";"";"";
"R27";"10k";"R0603-10K-OHMS";".0603-C-NOSILK-RESISTOR";"10 kOhms ±1% 0.1W, 1/10W Chip Resistor 0603 (1608 Metric) Moisture Resistant Thick Film";"";"10 kOhms ±1% 0.1W, 1/10W Chip Resistor 0603 (1608 Metric) Moisture Resistant Thick Film";"CR0603-FX-1002ELFCT-ND";"";"";"";"";"";"";"Bourns";"";"CR0603-FX-1002ELF";"";"";"";"";"";"";"";"";"";"";"";"";"";
"R28";"47k";"R-US_0603-B-NOSILK";".0603-B-NOSILK";"RESISTOR, American symbol";"";"RES 47K OHM 1% 1/10W 0603";"RMCF0603FT47K0CT-ND";"";"Digikey";"";"";"83";"";"";"";"RMCF0603FT47K0";"";"";"";"";"";"";"";"";"";"";"";"";"";
"R29";"47k";"R-US_0603-B-NOSILK";".0603-B-NOSILK";"RESISTOR, American symbol";"";"RES 47K OHM 1% 1/10W 0603";"RMCF0603FT47K0CT-ND";"";"Digikey";"";"";"83";"";"";"";"RMCF0603FT47K0";"";"";"";"";"";"";"";"";"";"";"";"";"";
"R30";"47k";"R-US_0603-B-NOSILK";".0603-B-NOSILK";"RESISTOR, American symbol";"";"RES 47K OHM 1% 1/10W 0603";"RMCF0603FT47K0CT-ND";"";"Digikey";"";"";"83";"";"";"";"RMCF0603FT47K0";"";"";"";"";"";"";"";"";"";"";"";"";"";
"R31";"150";"R-US_0402-C-NOSILK";".0402-C-NOSILK";"RESISTOR, American symbol";"";"150 Ohms ±0.1% 0.063W, 1/16W Chip Resistor 0402 (1005 Metric)  Thin Film";"YAG4175CT-ND";"";"Digikey";"";"";"";"";"Yageo";"";"RT0402BRD07150RL";"";"";"";"";"";"";"";"";"";"";"";"";"";
"R32";"10k";"R-US_0402-B-NOSILK";".0402-B-NOSILK";"RESISTOR, American symbol";"";"10 kOhms ±1% 0.063W, 1/16W Chip Resistor 0402 (1005 Metric) Moisture Resistant Thick Film";"311-10.0KLRCT-ND";"";"";"";"";"";"";"Yageo";"";"RC0402FR-0710KL";"";"";"";"";"";"";"";"";"";"";"";"";"";
"R33";"10k";"R-US_0402-B-NOSILK";".0402-B-NOSILK";"RESISTOR, American symbol";"";"10 kOhms ±1% 0.063W, 1/16W Chip Resistor 0402 (1005 Metric) Moisture Resistant Thick Film";"311-10.0KLRCT-ND";"";"";"";"";"";"";"Yageo";"";"RC0402FR-0710KL";"";"";"";"";"";"";"";"";"";"";"";"";"";
"R34";"0";"R-US_0402-B-NOSILK";".0402-B-NOSILK";"RESISTOR, American symbol";"";"0 Ohms Jumper 0.063W, 1/16W Chip Resistor 0402 (1005 Metric) Automotive AEC-Q200 Thick Film";"RMCF0402ZT0R00CT-ND";"";"";"";"";"";"";"Stackpole Electronics Inc";"";"RMCF0402ZT0R00";"";"";"";"";"";"";"";"";"";"";"";"";"";
"R35";"100k";"R0603-100K-OHMS";".0603-C-NOSILK-RESISTOR";"100 kOhms ±5% 0.1W, 1/10W Chip Resistor 0603 (1608 Metric) Automotive AEC-Q200 Thick Film";"";"100 kOhms ±1% 0.1W, 1/10W Chip Resistor 0603 (1608 Metric) Automotive AEC-Q200 Thick Film";"RMCF0603FT100KCT-ND";"";"";"";"";"";"";"Stackpole Electronics Inc";"";"RMCF0603FT100K";"";"";"";"";"";"";"";"";"";"";"";"";"";
"R36";"23.7k";"R0603-23.7K-OHMS";".0603-C-NOSILK-RESISTOR";"23.7 kOhms ±1% 0.1W, 1/10W Chip Resistor 0603 (1608 Metric) Moisture Resistant Thick Film";"";"23.7 kOhms ±1% 0.1W, 1/10W Chip Resistor 0603 (1608 Metric) Moisture Resistant Thick Film";"CR0603-FX-2372ELF-ND";"";"";"";"";"";"";"Bourns";"";"CR0603-FX-2372ELF";"";"";"";"";"";"";"";"";"";"";"";"";"";
"R37";"100k";"R0603-100K-OHMS";".0603-C-NOSILK-RESISTOR";"100 kOhms ±5% 0.1W, 1/10W Chip Resistor 0603 (1608 Metric) Automotive AEC-Q200 Thick Film";"";"100 kOhms ±1% 0.1W, 1/10W Chip Resistor 0603 (1608 Metric) Automotive AEC-Q200 Thick Film";"RMCF0603FT100KCT-ND";"";"";"";"";"";"";"Stackpole Electronics Inc";"";"RMCF0603FT100K";"";"";"";"";"";"";"";"";"";"";"";"";"";
"R38";"150";"R-US_0402-C-NOSILK";".0402-C-NOSILK";"RESISTOR, American symbol";"";"150 Ohms ±0.1% 0.063W, 1/16W Chip Resistor 0402 (1005 Metric)  Thin Film";"YAG4175CT-ND";"";"";"";"";"";"";"Yageo";"";"RT0402BRD07150RL";"";"";"";"";"";"";"";"";"";"";"";"";"";
"R39";"10k";"R-US_0402-B-NOSILK";".0402-B-NOSILK";"RESISTOR, American symbol";"";"10 kOhms ±1% 0.063W, 1/16W Chip Resistor 0402 (1005 Metric) Moisture Resistant Thick Film";"311-10.0KLRCT-ND";"";"";"";"";"";"";"Yageo";"";"RC0402FR-0710KL";"";"";"";"";"";"";"";"";"";"";"";"";"";
"R40";"10k";"R-US_0402-B-NOSILK";".0402-B-NOSILK";"RESISTOR, American symbol";"";"10 kOhms ±1% 0.063W, 1/16W Chip Resistor 0402 (1005 Metric) Moisture Resistant Thick Film";"311-10.0KLRCT-ND";"";"";"";"";"";"";"Yageo";"";"RC0402FR-0710KL";"";"";"";"";"";"";"";"";"";"";"";"";"";
"R41";"100k";"R0603-100K-OHMS";".0603-C-NOSILK-RESISTOR";"100 kOhms ±5% 0.1W, 1/10W Chip Resistor 0603 (1608 Metric) Automotive AEC-Q200 Thick Film";"";"100 kOhms ±1% 0.1W, 1/10W Chip Resistor 0603 (1608 Metric) Automotive AEC-Q200 Thick Film";"RMCF0603FT100KCT-ND";"";"";"";"";"";"";"Stackpole Electronics Inc";"";"RMCF0603FT100K";"";"";"";"";"";"";"";"";"";"";"";"";"";
"R42";"100k";"R0603-100K-OHMS";".0603-C-NOSILK-RESISTOR";"100 kOhms ±5% 0.1W, 1/10W Chip Resistor 0603 (1608 Metric) Automotive AEC-Q200 Thick Film";"";"100 kOhms ±1% 0.1W, 1/10W Chip Resistor 0603 (1608 Metric) Automotive AEC-Q200 Thick Film";"RMCF0603FT100KCT-ND";"";"";"";"";"";"";"Stackpole Electronics Inc";"";"RMCF0603FT100K";"";"";"";"";"";"";"";"";"";"";"";"";"";
"R44";"10k";"R0603-10K-OHMS";".0603-C-NOSILK-RESISTOR";"10 kOhms ±1% 0.1W, 1/10W Chip Resistor 0603 (1608 Metric) Moisture Resistant Thick Film";"";"10 kOhms ±1% 0.1W, 1/10W Chip Resistor 0603 (1608 Metric) Moisture Resistant Thick Film";"CR0603-FX-1002ELFCT-ND";"";"";"";"";"";"";"Bourns";"";"CR0603-FX-1002ELF";"";"";"";"";"";"";"";"";"";"";"";"";"";
"R45";"10k";"R0603-10K-OHMS";".0603-C-NOSILK-RESISTOR";"10 kOhms ±1% 0.1W, 1/10W Chip Resistor 0603 (1608 Metric) Moisture Resistant Thick Film";"";"10 kOhms ±1% 0.1W, 1/10W Chip Resistor 0603 (1608 Metric) Moisture Resistant Thick Film";"CR0603-FX-1002ELFCT-ND";"";"";"";"";"";"";"Bourns";"";"CR0603-FX-1002ELF";"";"";"";"";"";"";"";"";"";"";"";"";"";
"R46";"22k";"R-US_0603-B-NOSILK";".0603-B-NOSILK";"RESISTOR, American symbol";"";"22 kOhms ±1% 0.1W, 1/10W Chip Resistor 0603 (1608 Metric) Automotive AEC-Q200 Thick Film";"P22.0KHCT-ND";"";"";"";"";"";"";"Panasonic Electronic Components";"";"ERJ-3EKF2202V";"";"";"";"";"";"";"";"";"";"";"";"";"";
"R47";"27";"R-US_0603-C-NOSILK";".0603-C-NOSILK";"RESISTOR, American symbol";"";"27 Ohms ±1% 0.1W, 1/10W Chip Resistor 0603 (1608 Metric) Automotive AEC-Q200 Thick Film";"RMCF0603FT27R0CT-ND";"";"";"";"";"";"";"Stackpole Electronics Inc";"";"RMCF0603FT27R0";"";"";"";"";"";"";"";"";"";"";"";"";"";
"R48";"45.3k";"R-US_0603-C-NOSILK";".0603-C-NOSILK";"RESISTOR, American symbol";"";"R - 0603, 45.3k, 1%, 100ppm";"RMCF0603FT45K3CT-ND";"";"Digikey";"";"";"9";"";"Stackpole Electronics Inc";"";"RMCF0603FT45K3";"";"";"";"";"";"";"";"";"";"";"";"";"";
"R49";"15";"R-US_0603-C-NOSILK";".0603-C-NOSILK";"RESISTOR, American symbol";"";"15 Ohms ±1% 0.1W, 1/10W Chip Resistor 0603 (1608 Metric) Automotive AEC-Q200 Thick Film";"RMCF0603FT15R0CT-ND";"";"Digikey";"";"";"";"";"Stackpole Electronics Inc";"";"RMCF0603FT15R0";"";"";"";"";"";"";"";"";"";"";"";"";"";
"R50";"220";"R-US_0603-C-NOSILK";".0603-C-NOSILK";"RESISTOR, American symbol";"";"220 Ohms ±1% 0.1W, 1/10W Chip Resistor 0603 (1608 Metric) Automotive AEC-Q200 Thick Film";"RMCF0603FT220RCT-ND";"";"";"";"";"";"";"Stackpole Electronics Inc";"";"RMCF0603FT220R";"";"";"";"";"";"";"";"";"";"";"";"";"";
"R51";"0";"R-US_0402-C-NOSILK";".0402-C-NOSILK";"RESISTOR, American symbol";"";"0 Ohms Jumper 0.063W, 1/16W Chip Resistor 0402 (1005 Metric) Automotive AEC-Q200 Thick Film";"RMCF0402ZT0R00CT-ND";"";"Digikey";"";"";"107";"";"Stackpole Electronics Inc";"";"RMCF0402ZT0R00";"";"";"";"";"";"";"";"";"";"";"";"";"";
"R52";"5.6k";"R-US_0603-B-NOSILK";".0603-B-NOSILK";"RESISTOR, American symbol";"";"RES 5.6K OHM 1% 1/10W 0603";"RMCF0603FT5K60CT-ND";"";"Digikey";"";"";"";"";"Stackpole Electronics Inc";"";"RMCF0603FT5K60";"";"";"";"";"";"";"";"";"";"";"";"";"";
"R53";"6.8k";"R-US_0603-B-NOSILK";".0603-B-NOSILK";"RESISTOR, American symbol";"";"RES 6.8K OHM 1% 1/10W 0603";"RMCF0603FT6K80CT-ND";"";"Digikey";"";"";"";"";"Stackpole Electronics Inc";"";"RMCF0603FT6K80";"";"";"";"";"";"";"";"";"";"";"";"";"";
"R54";"6.8k";"R-US_0603-B-NOSILK";".0603-B-NOSILK";"RESISTOR, American symbol";"";"RES 6.8K OHM 1% 1/10W 0603";"RMCF0603FT6K80CT-ND";"";"Digikey";"";"";"";"";"Stackpole Electronics Inc";"";"RMCF0603FT6K80";"";"";"";"";"";"";"";"";"";"";"";"";"";
"R55";"5.6k";"R-US_0603-B-NOSILK";".0603-B-NOSILK";"RESISTOR, American symbol";"";"RES 5.6K OHM 1% 1/10W 0603";"RMCF0603FT5K60CT-ND";"";"Digikey";"";"";"";"";"Stackpole Electronics Inc";"";"RMCF0603FT5K60";"";"";"";"";"";"";"";"";"";"";"";"";"";
"R56";"0";"R-US_0402-C-NOSILK";".0402-C-NOSILK";"RESISTOR, American symbol";"";"0 Ohms Jumper 0.063W, 1/16W Chip Resistor 0402 (1005 Metric) Automotive AEC-Q200 Thick Film";"RMCF0402ZT0R00CT-ND";"";"Digikey";"";"";"107";"";"Stackpole Electronics Inc";"";"RMCF0402ZT0R00";"";"";"";"";"";"";"";"";"";"";"";"";"";
"R57";"39";"R-US_0603-C-NOSILK";".0603-C-NOSILK";"RESISTOR, American symbol";"";"39 Ohms ±1% 0.1W, 1/10W Chip Resistor 0603 (1608 Metric) Automotive AEC-Q200 Thick Film";"RMCF0603FT39R0CT-ND";"";"";"";"";"";"";"Stackpole Electronics Inc";"";"RMCF0603FT39R0";"";"";"";"";"";"";"";"";"";"";"";"";"";
"R58";"22k";"R-US_0603-C-NOSILK";".0603-C-NOSILK";"RESISTOR, American symbol";"";"22 kOhms ±1% 0.1W, 1/10W Chip Resistor 0603 (1608 Metric) Automotive AEC-Q200 Thick Film";"P22.0KHCT-ND";"";"";"";"";"";"";"Panasonic Electronic Components";"";"ERJ-3EKF2202V";"";"";"";"";"";"";"";"";"";"";"";"";"";
"R59";"27";"R-US_0603-C-NOSILK";".0603-C-NOSILK";"RESISTOR, American symbol";"";"27 Ohms ±1% 0.1W, 1/10W Chip Resistor 0603 (1608 Metric) Automotive AEC-Q200 Thick Film";"RMCF0603FT27R0CT-ND";"";"";"";"";"";"";"Stackpole Electronics Inc";"";"RMCF0603FT27R0";"";"";"";"";"";"";"";"";"";"";"";"";"";
"R60";"0";"R-US_0402-C-NOSILK";".0402-C-NOSILK";"RESISTOR, American symbol";"";"0 Ohms Jumper 0.063W, 1/16W Chip Resistor 0402 (1005 Metric) Automotive AEC-Q200 Thick Film";"RMCF0402ZT0R00CT-ND";"";"Digikey";"";"";"107";"";"Stackpole Electronics Inc";"";"RMCF0402ZT0R00";"";"";"";"";"";"";"";"";"";"";"";"";"";
"R61";"0";"R-US_0402-C-NOSILK";".0402-C-NOSILK";"RESISTOR, American symbol";"";"0 Ohms Jumper 0.063W, 1/16W Chip Resistor 0402 (1005 Metric) Automotive AEC-Q200 Thick Film";"RMCF0402ZT0R00CT-ND";"";"Digikey";"";"";"107";"";"Stackpole Electronics Inc";"";"RMCF0402ZT0R00";"";"";"";"";"";"";"";"";"";"";"";"";"";
"R62";"0";"R-US_0402-C-NOSILK";".0402-C-NOSILK";"RESISTOR, American symbol";"";"0 Ohms Jumper 0.063W, 1/16W Chip Resistor 0402 (1005 Metric) Automotive AEC-Q200 Thick Film";"RMCF0402ZT0R00CT-ND";"";"";"";"";"";"";"Stackpole Electronics Inc";"";"RMCF0402ZT0R00";"";"";"";"";"";"";"";"";"";"";"";"";"";
"R64";"3.1k";"R0603-3.1K-OHMS";".0603-C-NOSILK-RESISTOR";"3.1 kOhms ±1% 0.125W, 1/8W Chip Resistor 0603 (1608 Metric) Anti-Sulfur Thin Film";"";"3.1 kOhms ±1% 0.125W, 1/8W Chip Resistor 0603 (1608 Metric) Anti-Sulfur Thin Film";"MCT06030C3101FP500-ND";"";"";"";"";"";"";"Vishay Beyschlag";"";"MCT06030C3101FP500";"";"";"";"";"";"";"";"";"";"";"";"";"";
"R66";"0";"R-US_0402-B-NOSILK";".0402-B-NOSILK";"RESISTOR, American symbol";"";"0 Ohms Jumper 0.063W, 1/16W Chip Resistor 0402 (1005 Metric) Automotive AEC-Q200 Thick Film";"RMCF0402ZT0R00CT-ND";"";"";"";"";"";"";"Stackpole Electronics Inc";"";"RMCF0402ZT0R00";"";"";"";"";"";"";"";"";"";"";"";"";"";
"R67";"NP";"R0603-0-OHMS";".0603-C-NOSILK-RESISTOR";"0 Ohms Jumper 0.1W, 1/10W Chip Resistor 0603 (1608 Metric)  Thick Film";"EXCLUDE";"0 Ohms Jumper 0.1W, 1/10W Chip Resistor 0603 (1608 Metric)  Thick Film";"541-4012-1-ND";"";"";"";"";"";"";"Vishay Dale";"";"CRCW06030000Z0EAC";"";"";"";"";"";"";"";"";"";"";"";"";"";
"R68";"10k";"R0603-10K-OHMS";".0603-C-NOSILK-RESISTOR";"10 kOhms ±1% 0.1W, 1/10W Chip Resistor 0603 (1608 Metric) Moisture Resistant Thick Film";"";"10 kOhms ±1% 0.1W, 1/10W Chip Resistor 0603 (1608 Metric) Moisture Resistant Thick Film";"CR0603-FX-1002ELFCT-ND";"";"";"";"";"";"";"Bourns";"";"CR0603-FX-1002ELF";"";"";"";"";"";"";"";"";"";"";"";"";"";
"R69";"0";"R-US_0402-B-NOSILK";".0402-B-NOSILK";"RESISTOR, American symbol";"";"0 Ohms Jumper 0.063W, 1/16W Chip Resistor 0402 (1005 Metric) Automotive AEC-Q200 Thick Film";"RMCF0402ZT0R00CT-ND";"";"";"";"";"";"";"Stackpole Electronics Inc";"";"RMCF0402ZT0R00";"";"";"";"";"";"";"";"";"";"";"";"";"";
"R70";"0";"R-US_0402-B-NOSILK";".0402-B-NOSILK";"RESISTOR, American symbol";"";"0 Ohms Jumper 0.063W, 1/16W Chip Resistor 0402 (1005 Metric) Automotive AEC-Q200 Thick Film";"RMCF0402ZT0R00CT-ND";"";"";"";"";"";"";"Stackpole Electronics Inc";"";"RMCF0402ZT0R00";"";"";"";"";"";"";"";"";"";"";"";"";"";
"SDIO-CK";"TEST-POINT-LARGE";"TEST-POINT-LARGE";"1X01";"";"EXCLUDE";"";"";"";"";"";"";"";"";"";"";"";"";"";"";"";"";"";"";"";"";"";"";"";"";
"SPI1-MISO";"TEST-POINT-LARGE";"TEST-POINT-LARGE";"1X01";"";"EXCLUDE";"";"";"";"";"";"";"";"";"";"";"";"";"";"";"";"";"";"";"";"";"";"";"";"";
"SPI1-MOSI";"TEST-POINT-LARGE";"TEST-POINT-LARGE";"1X01";"";"EXCLUDE";"";"";"";"";"";"";"";"";"";"";"";"";"";"";"";"";"";"";"";"";"";"";"";"";
"SPI1-SCK";"TEST-POINT-LARGE";"TEST-POINT-LARGE";"1X01";"";"EXCLUDE";"";"";"";"";"";"";"";"";"";"";"";"";"";"";"";"";"";"";"";"";"";"";"";"";
"SYNC";"TEST-POINT-LARGE";"TEST-POINT-LARGE";"1X01";"";"";"";"";"";"";"";"";"";"";"";"";"";"";"";"";"";"";"";"";"";"";"";"";"";"";
"SYNC-U";"TEST-POINT-LARGE";"TEST-POINT-LARGE";"1X01";"";"";"";"";"";"";"";"";"";"";"";"";"";"";"";"";"";"";"";"";"";"";"";"";"";"";
"TP1";"TEST-POINT-LARGE";"TEST-POINT-LARGE";"1X01";"";"";"";"";"";"";"";"";"";"";"";"";"";"";"";"";"";"";"";"";"";"";"";"";"";"";
"TP2";"TEST-POINT_SMD-SMD-10SN";"TEST-POINT_SMD-SMD-10SN";"TESTPOINT_SMD-10SN";"TEST POINT PAD";"EXCLUDE";"";"";"";"";"";"";"";"";"";"";"";"";"";"";"";"";"";"";"";"";"";"";"";"";
"TP3";"TEST-POINT-LARGE";"TEST-POINT-LARGE";"1X01";"";"";"";"";"";"";"";"";"";"";"";"";"";"";"";"";"";"";"";"";"";"";"";"";"";"";
"TP4";"";"NO-CONNECTNO-CONNECT-DEVICE";"NO-CONNECT-FOOTPRINT";"No Connect Device";"";"";"";"";"";"";"";"";"";"";"";"";"";"";"";"";"";"12";"";"";"";"";"";"";"";
"TP5";"TEST-POINT_SMD-SMD-10SN";"TEST-POINT_SMD-SMD-10SN";"TESTPOINT_SMD-10SN";"TEST POINT PAD";"EXCLUDE";"";"";"";"";"";"";"";"";"";"";"";"";"";"";"";"";"";"";"";"";"";"";"";"";
"TP6";"TEST-POINT_SMD-SMD-10SN";"TEST-POINT_SMD-SMD-10SN";"TESTPOINT_SMD-10SN";"TEST POINT PAD";"EXCLUDE";"";"";"";"";"";"";"";"";"";"";"";"";"";"";"";"";"";"";"";"";"";"";"";"";
"TP7";"TEST-POINT_SMD-SMD-10SN";"TEST-POINT_SMD-SMD-10SN";"TESTPOINT_SMD-10SN";"TEST POINT PAD";"EXCLUDE";"";"";"";"";"";"";"";"";"";"";"";"";"";"";"";"";"";"";"";"";"";"";"";"";
"TP8";"";"NO-CONNECTNO-CONNECT-DEVICE";"NO-CONNECT-FOOTPRINT";"No Connect Device";"";"";"";"";"";"";"";"";"";"";"";"";"";"";"";"";"";"12";"";"";"";"";"";"";"";
"TP9";"TEST-PAD-SMD-CIRCLE";"TEST-PAD-SMD-CIRCLE";"TESTPOINT_SMD-CIRCLE-1MM";"Test Pad Circular 1mm";"EXCLUDE";"";"";"";"";"";"";"";"";"";"";"";"";"";"";"";"";"";"";"";"";"";"";"";"";
"TP10";"TEST-POINT-LARGE";"TEST-POINT-LARGE";"1X01";"";"";"";"";"";"";"";"";"";"";"";"";"";"";"";"";"";"";"";"";"";"";"";"";"";"";
"TP11";"TEST-PAD-SMD-CIRCLE";"TEST-PAD-SMD-CIRCLE";"TESTPOINT_SMD-CIRCLE-1MM";"Test Pad Circular 1mm";"EXCLUDE";"";"";"";"";"";"";"";"";"";"";"";"";"";"";"";"";"";"";"";"";"";"";"";"";
"TP12";"TEST-POINT_SMD-SMD-10SN";"TEST-POINT_SMD-SMD-10SN";"TESTPOINT_SMD-10SN";"TEST POINT PAD";"EXCLUDE";"";"";"";"";"";"";"";"";"";"";"";"";"";"";"";"";"";"";"";"";"";"";"";"";
"TP13";"";"NO-CONNECTNO-CONNECT-DEVICE";"NO-CONNECT-FOOTPRINT";"No Connect Device";"";"";"";"";"";"";"";"";"";"";"";"";"";"";"";"";"";"12";"";"";"";"";"";"";"";
"TP14";"TEST-POINT_SMD-SMD-10SN";"TEST-POINT_SMD-SMD-10SN";"TESTPOINT_SMD-10SN";"TEST POINT PAD";"EXCLUDE";"";"";"";"";"";"";"";"";"";"";"";"";"";"";"";"";"";"";"";"";"";"";"";"";
"TP15";"TEST-POINT-LARGE";"TEST-POINT-LARGE";"1X01";"";"";"";"";"";"";"";"";"";"";"";"";"";"";"";"";"";"";"";"";"";"";"";"";"";"";
"TP16";"TEST-POINT-LARGE";"TEST-POINT-LARGE";"1X01";"";"";"";"";"";"";"";"";"";"";"";"";"";"";"";"";"";"";"";"";"";"";"";"";"";"";
"TP17";"TEST-POINT_SMD-SMD-10SN";"TEST-POINT_SMD-SMD-10SN";"TESTPOINT_SMD-10SN";"TEST POINT PAD";"EXCLUDE";"";"";"";"";"";"";"";"";"";"";"";"";"";"";"";"";"";"";"";"";"";"";"";"";
"TP18";"TEST-POINT_SMD-SMD-10SN";"TEST-POINT_SMD-SMD-10SN";"TESTPOINT_SMD-10SN";"TEST POINT PAD";"EXCLUDE";"";"";"";"";"";"";"";"";"";"";"";"";"";"";"";"";"";"";"";"";"";"";"";"";
"TP19";"";"NO-CONNECTNO-CONNECT-DEVICE";"NO-CONNECT-FOOTPRINT";"No Connect Device";"";"";"";"";"";"";"";"";"";"";"";"";"";"";"";"";"";"12";"";"";"";"";"";"";"";
"TP20";"TEST-POINT_SMD-SMD-10SN";"TEST-POINT_SMD-SMD-10SN";"TESTPOINT_SMD-10SN";"TEST POINT PAD";"EXCLUDE";"";"";"";"";"";"";"";"";"";"";"";"";"";"";"";"";"";"";"";"";"";"";"";"";
"TP21";"";"NO-CONNECTNO-CONNECT-DEVICE";"NO-CONNECT-FOOTPRINT";"No Connect Device";"";"";"";"";"";"";"";"";"";"";"";"";"";"";"";"";"";"12";"";"";"";"";"";"";"";
"TP22";"";"NO-CONNECTNO-CONNECT-DEVICE";"NO-CONNECT-FOOTPRINT";"No Connect Device";"";"";"";"";"";"";"";"";"";"";"";"";"";"";"";"";"";"12";"";"";"";"";"";"";"";
"U1";"MAX892LEUA+T21-0036K-L";"MAX892LEUA+T21-0036K-L";"21-0036K-L";"MAX891L / MAX892L";"";"High-Side P-Channel Current Limmiting Switch With Thermal Shutdown";"";"";"";"";"";"";"";"Maxim";"";"MAX892LEUA+T";"";"";"700-MAX892LEUAT";"";"";"";"";"";"";"";"";"";"Maxim Integrated Products";
"U2";"TCAN330";"TCAN330";"SOT23-8_TI-DCN";"";"";"CANBUS TRANSCEIVER 1/1 SOT23-8";"296-44211-1-ND";"";"Digikey";"";"";"";"";"Texas Instruments";"";"TCAN330GDCNT";"";"";"";"";"";"";"";"";"";"";"";"";"";
"U3";"TCAN330";"TCAN330";"SOT23-8_TI-DCN";"";"";"CANBUS TRANSCEIVER 1/1 SOT23-8";"296-44211-1-ND";"";"Digikey";"";"";"";"";"Texas Instruments";"";"TCAN330GDCNT";"";"";"";"";"";"";"";"";"";"";"";"";"";
"U4";"TPS259621";"TPS2596XX";"SO-POWERPAD-8";"TPS2596XX   - eFuse With Accurate Current Monitor and Fast";"";"E-FUSE 2.7-19V 130MA-2A SURGE CLAMPING";"296-TPS259621DDATCT-ND";"";"Digikey";"";"";"";"";"Texas Instruments";"";"TPS259621DDAT";"";"";"";"";"";"";"";"";"";"";"";"";"";
"U5";"TPS62111RSA";"TPS6211X";"S-PVQFN-16";"TPS6211x 17-V, 1.5-A, Synchronous Step-Down Converter";"";"IC REG BUCK 3.3V 1.5A 16QFN";"296-20670-1-ND";"";"Digikey";"";"";"";"";"Texas Instruments";"";"TPS62111RSAT";"";"";"";"";"";"";"";"";"";"";"";"";"";
"U6";"LP2985AIM5-2.5_NOPB";"LP2985AIM5-2.5_NOPB";"SOT-23";"Micropower 150-mA Low-Noise Ultra-Low-Dropout Regulator in SOT-23 packages";"";"Micropower 150-mA Low-Noise Ultra-Low-Dropout Regulator in SOT-23 packages";"";"";"";"";"1.45mm";"";"";"";"Texas Instruments";"LP2985AIM5-2.5/NOPB";"";"";"926-2985AIM52.5/NOPB";"https://www.mouser.com/Search/Refine.aspx?Keyword=926-2985AIM53.3%2FNOPB";"";"";"";"";"";"";"";"";"";
"U7";"STM32F446RE";"STM32F446RE";"QFP-10X10-64";"";"";"";"";"";"";"";"";"";"";"";"";"";"";"";"";"";"";"";"";"";"";"";"";"";"";
"U8";"QPC1022";"QPC1022";"QPC1022";"";"";"RF Switch ICs 5-6000MHz SPDT IL .25dB Iso 39dB";"";"";"";"";"";"";"";"Qorvo";"";"QPC1022TR7";"Qorvo";"";"772-QPC1022TR7 ";"";"QPC1022";"";"";"";"";"";"";"";"";
"U9";"SFEM016GB1EM1TO-A-HG-111-STD";"EMMC+RESET-BA";"BGA-153(11.5X13)(EMMC-BA)";"eMMC (embedded multi-media card) memory with optional Reset function";"";"";"";"";"";"";"";"";"";"";"";"";"";"";"";"";"";"";"";"";"";"";"";"";"";
"U10";"SI4112";"SI4112";"QFN28-5X5-WITH-CENTER-PAD";"RF Synthesizer w/ integrated VCOs (IF OUT)";"";"PLL RF Synthesizer, single out, IF";"";"";"Mouser";"";"";"";"";"";"Silicon Labs";"SI4112-D-GM";"";"";"634-SI4112-D-GM";"";"";"";"";"";"";"";"";"";"";
"U11";"U-ONSEMI-AX5043";"U-ONSEMI-AX5043";"QFN28-5X5-WITH-CENTER-PAD";"";"";"IC RF TxRx Only General ISM < 1GHz  27MHz ~ 1.05GHz 28-VFQFN Exposed Pad";"AX5043-1-TW30OSCT-ND";"";"";"";"";"";"";"ON Semiconductor";"";"AX5043-1-TW30";"";"";"";"";"";"";"";"";"";"";"";"";"";
"U12";"LP2985AIM5-1.8_NOPB";"LP2985AIM5-1.8_NOPB";"SOT-23";"Micropower 150-mA Low-Noise Ultra-Low-Dropout Regulator in SOT-23 packages";"";"Micropower 150-mA Low-Noise Ultra-Low-Dropout Regulator in SOT-23 packages";"LP2985AIM5-1.8/NOPBCT-ND";"";"Digikey";"";"1.45mm";"";"";"";"";"";"";"";"";"";"";"";"";"";"";"";"";"";"";
"U13";"U-ONSEMI-AX5043";"U-ONSEMI-AX5043";"QFN28-5X5-WITH-CENTER-PAD";"";"";"IC RF TxRx Only General ISM < 1GHz  27MHz ~ 1.05GHz 28-VFQFN Exposed Pad";"AX5043-1-TW30OSCT-ND";"";"";"";"";"";"";"ON Semiconductor";"";"AX5043-1-TW30";"";"";"";"";"";"";"";"";"";"";"";"";"";
"U14";"LP2985AIM5-1.8_NOPB";"LP2985AIM5-1.8_NOPB";"SOT-23";"Micropower 150-mA Low-Noise Ultra-Low-Dropout Regulator in SOT-23 packages";"";"Micropower 150-mA Low-Noise Ultra-Low-Dropout Regulator in SOT-23 packages";"LP2985AIM5-1.8/NOPBCT-ND";"";"";"";"1.45mm";"";"";"";"Texas Instruments";"LP2985AIM5-1.8/NOPB";"";"";"926-2985AIM51.8/NOPB";"";"";"";"";"";"";"";"";"";"";
"U15";"Qorvo 856930";"856930";"3.8X3.8";"457.5 MHz SAW Filter";"";"Filter - SAW, 457.5 MHz, 15 MHz";"";"";"Mouser";"";"";"";"";"";"Qorvo";"856930";"";"";"772-856930";"";"";"";"";"";"";"";"";"";"";
"U16";"MAC-24+";"MAC-24+";"MAC-24+";"RF Mixer, Diode Ring, 0.3 - 12 GHz";"";"RF Mixer, Diode Ring, 0.3 - 12 GHz";"";"";"Mini-Circuits";"";"";"";"";"";"Mini-Circuits";"MAC-24+";"";"";"";"";"";"";"";"";"";"";"";"";"";
"U17";"BP0805A1308";"BP0805A1308";"BP0805";"Thin Film Bandpass Filter";"";"Filter, thin-film 0805, 1220 - 1420 MHz";"478-12187-1-ND";"";"Digikey";"";"";"";"";"";"AVX Corp ";"BP0805A1308ASTR";"";"";"";"";"";"";"";"";"";"";"";"";"";
"U18";"B8666";"B8666";"1.7X1.3";"GPS SAW Extractor";"";"Diplexer, GPS SAW extractor ";"B39162B8666L210CT-ND";"";"Digikey";"";"";"";"";"";"RF360 ";"B39162B8666L210";"";"";"";"";"";"";"";"";"";"";"";"";"";
"U19";"BP0805A1308";"BP0805A1308";"BP0805";"Thin Film Bandpass Filter";"";"Filter, thin-film 0805, 1220 - 1420 MHz";"478-12187-1-ND";"";"Digikey";"";"";"";"";"";"AVX Corp ";"BP0805A1308ASTR";"";"";"";"";"";"";"";"";"";"";"";"";"";
"U20";"BGB7XXL7ESD";"BGB7XXL7ESD";"BGB7XXL7ESD";"High Performance LNAs";"";"LNA CELL 50MHZ-3.5GHZ TSLP7-1";"BGB741L7ESDE6327XTSA1CT-ND";"";"Digikey";"";"";"";"";"";"Infineon";"BGB741L7ESDE6327XTSA1‎";"";"";"";"";"";"";"";"";"";"";"";"";"";
"U21";"BP0805A1308";"BP0805A1308";"BP0805";"Thin Film Bandpass Filter";"";"Filter, thin-film 0805, 1220 - 1420 MHz";"478-12187-1-ND";"";"Digikey";"";"";"";"";"";"AVX Corp ";"BP0805A1308ASTR";"";"";"";"";"";"";"";"";"";"";"";"";"";
"U23";"LP2985AIM5-2.5_NOPB";"LP2985AIM5-2.5_NOPB";"SOT-23";"Micropower 150-mA Low-Noise Ultra-Low-Dropout Regulator in SOT-23 packages";"";"Micropower 150-mA Low-Noise Ultra-Low-Dropout Regulator in SOT-23 packages";"";"";"";"";"1.45mm";"";"";"";"Texas Instruments";"LP2985AIM5-2.5/NOPB";"";"";"926-2985AIM52.5/NOPB";"https://www.mouser.com/Search/Refine.aspx?Keyword=926-2985AIM53.3%2FNOPB";"";"";"";"";"";"";"";"";"";
"U26";"TPS62112";"TPS6211X";"S-PVQFN-16";"TPS6211x 17-V, 1.5-A, Synchronous Step-Down Converter";"";"IC REG BUCK 5V 1.5A 16QFN";"296-39444-1-ND";"";"Digikey";"";"";"";"";"Texas Instruments";"";"TPS62112RSAR";"";"";"";"";"";"";"";"";"";"";"";"";"";
"U27";"TPS259620";"TPS2596XX";"SO-POWERPAD-8";"TPS2596XX   - eFuse With Accurate Current Monitor and Fast";"";"E-FUSE 2.7-19V 130MA-2A SURGE CLAMPING";"296-TPS259620DDATCT-ND";"";"Digikey";"";"";"";"";"Texas Instruments";"";"TPS259620DDAT";"";"";"";"";"";"";"";"";"";"";"";"";"";
"U28";"LP2985AIM5-3.3_NOPB";"LP2985AIM5-3.3_NOPB";"SOT-23";"Micropower 150-mA Low-Noise Ultra-Low-Dropout Regulator in SOT-23 packages";"";"Micropower 150-mA Low-Noise Ultra-Low-Dropout Regulator in SOT-23 packages";"";"";"";"";"1.45mm";"";"";"";"Texas Instruments";"LP2985AIM5-3.3/NOPB";"";"";"926-2985AIM53.3/NOPB";"https://www.mouser.com/Search/Refine.aspx?Keyword=926-2985AIM53.3%2FNOPB";"";"";"";"6520033P";"http://uk.rs-online.com/web/p/products/6520033P";"";"";"";"";
"U32";"MAX6374KA-T21-0078H-L";"MAX6374KA-T21-0078H-L";"21-0078H-L";"";"";"Pin-Selectable Watchdog Timer";"";"";"Mouser";"";"";"";"";"Maxim";"";"max6374kat";"";"";"700-MAX6374KAT";"";"";"";"";"";"";"";"";"";"Maxim Integrated Products";
"VBUS";"TEST-POINT-LARGE";"TEST-POINT-LARGE";"1X01";"";"";"";"";"";"";"";"";"";"";"";"";"";"";"";"";"";"";"";"";"";"";"";"";"";"";
"VBUSP-OUT";"TEST-POINT-LARGE";"TEST-POINT-LARGE";"1X01";"";"";"";"";"";"";"";"";"";"";"";"";"";"";"";"";"";"";"";"";"";"";"";"";"";"";
"VBUSP-OUT-U";"TEST-POINT-LARGE";"TEST-POINT-LARGE";"1X01";"";"";"";"";"";"";"";"";"";"";"";"";"";"";"";"";"";"";"";"";"";"";"";"";"";"";
"WDT";"TEST-POINT-LARGE";"TEST-POINT-LARGE";"1X01";"";"EXCLUDE";"";"";"";"";"";"";"";"";"";"";"";"";"";"";"";"";"";"";"";"";"";"";"";"";
"X1";"16MHZ-2.5x2mm";"CRYSTAL-WITH-GND";"CRYSTAL_2.5X2";"";"";"16MHz TCXO Clipped Sine Wave Oscillator 1.8V  4-SMD, No Lead";"1664-1323-1-ND";"";"";"";"";"";"";"Taitien";"";"TYKTBLSANF-16.000000";"";"";"";"";"";"";"";"";"";"";"";"";"";
"X3";"TAITIEN-TY";"TAITIEN-TY";"2.5X2.0";"Clipped Sine Wave TCXO";"";"16MHz TCXO Clipped Sine Wave Oscillator 1.8V  4-SMD, No Lead";"1664-1323-1-ND";"";"Digikey";"";"";"";"";"";"Taitien";"TYKTBLSANF-16.000000";"";"";"";"";"";"";"";"";"";"";"";"";"";
"X4";"TAITIEN-TY";"TAITIEN-TY";"2.5X2.0";"Clipped Sine Wave TCXO";"";"16MHz TCXO Clipped Sine Wave Oscillator 1.8V  4-SMD, No Lead";"1664-1323-1-ND";"";"";"";"";"";"";"Taitien";"";"TYKTBLSANF-16.000000";"";"";"";"";"";"";"";"";"";"X";"";"";"";
