"Qty";"Value";"Device";"Package";"Parts";"Description";"BOM";"CREATED_BY";"DESCRIPTION";"DIGI-KEY_PART_NUMBER";"DIGIKEY_PART_NUMBER";"DISTRIBUTOR";"HEIGHT";"INVENTORY";"LABEL";"MANUFACTURER";"MANUFACTURER_NAME";"MANUFACTURER_PART_NUMBER";"MFR";"MOUSER_PART_#";"MOUSER_PART_NUMBER";"MOUSER_PRICE-STOCK";"MPN";"PACKAGE";"POPULARITY";"PROD_ID";"RS_PART_NUMBER";"RS_PRICE-STOCK";"VALUE";"VDC";"VENDOR";
"6";"";"NO-CONNECTNO-CONNECT-DEVICE";"NO-CONNECT-FOOTPRINT";"TP4, TP8, TP13, TP19, TP21, TP22";"No Connect Device";"";"";"";"";"";"";"";"";"";"";"";"";"";"";"";"";"";"";"12";"";"";"";"";"";"";
"1";"";"PINHD-2X4";"2X04";"JP3";"PIN HEADER";"";"";"";"";"";"";"";"";"";"";"";"";"";"";"";"";"";"";"47";"";"";"";"";"";"";
"2";"";"PINHD-2X6";"2X06";"JP1, JP2";"PIN HEADER";"EXCLUDE";"";"Connector Header Through Hole 12 position 0.100" (2.54mm)";"732-5297-ND";"";"";"";"";"";"Würth Elektronik";"";"61301221121";"";"";"";"";"";"";"8";"";"";"";"";"";"";
"4";"0";"R-US_0402-B-NOSILK";".0402-B-NOSILK";"R34, R66, R69, R70";"RESISTOR, American symbol";"";"";"0 Ohms Jumper 0.063W, 1/16W Chip Resistor 0402 (1005 Metric) Automotive AEC-Q200 Thick Film";"RMCF0402ZT0R00CT-ND";"";"";"";"";"";"Stackpole Electronics Inc";"";"RMCF0402ZT0R00";"";"";"";"";"";"";"";"";"";"";"";"";"";
"1";"0";"R-US_0402-C-NOSILK";".0402-C-NOSILK";"R62";"RESISTOR, American symbol";"";"";"0 Ohms Jumper 0.063W, 1/16W Chip Resistor 0402 (1005 Metric) Automotive AEC-Q200 Thick Film";"RMCF0402ZT0R00CT-ND";"";"";"";"";"";"Stackpole Electronics Inc";"";"RMCF0402ZT0R00";"";"";"";"";"";"";"";"";"";"";"";"";"";
"4";"0";"R-US_0402-C-NOSILK";".0402-C-NOSILK";"R51, R56, R60, R61";"RESISTOR, American symbol";"";"";"0 Ohms Jumper 0.063W, 1/16W Chip Resistor 0402 (1005 Metric) Automotive AEC-Q200 Thick Film";"RMCF0402ZT0R00CT-ND";"";"Digikey";"";"107";"";"Stackpole Electronics Inc";"";"RMCF0402ZT0R00";"";"";"";"";"";"";"";"";"";"";"";"";"";
"2";"0";"R0603-0-OHMS";".0603-C-NOSILK";"R12, R74";"0 Ohms Jumper 0.1W, 1/10W Chip Resistor 0603 (1608 Metric)  Thick Film";"";"";"0 Ohms Jumper 0.1W, 1/10W Chip Resistor 0603 (1608 Metric)  Thick Film";"541-4012-1-ND";"";"";"";"";"";"Vishay Dale";"";"CRCW06030000Z0EAC";"";"";"";"";"";"";"";"";"";"";"";"";"";
"1";"0.047u";"C-EU0603-B-NOSILK";".0603-B-NOSILK";"C86";"CAPACITOR, European symbol";"";"";"0.047µF ±10% 50V Ceramic Capacitor X7R 0603 (1608 Metric)";"1276-1063-1-ND";"";"";"";"";"";"Samsung Electro-Mechanics";"";"CL10B473KB8NNNC";"";"";"";"";"";"";"";"";"";"";"";"50V";"";
"1";"0.047u";"C-EU0603-B-NOSILK";".0603-B-NOSILK";"C84";"CAPACITOR, European symbol";"";"";"0.047µF ±10% 50V Ceramic Capacitor X7R 0603 (1608 Metric)";"1276-1063-1-ND";"";"Digikey";"";"92";"";"Samsung Electro-Mechanics";"";"CL10B473KB8NNNC";"";"";"";"";"";"";"";"";"";"";"";"50V";"";
"1";"0.047u";"C-EU0603-C-NOSILK";".0603-C-NOSILK";"C104";"CAPACITOR, European symbol";"";"";"0.047µF ±10% 50V Ceramic Capacitor X7R 0603 (1608 Metric)";"1276-1063-1-ND";"";"";"";"";"";"Samsung Electro-Mechanics";"";"CL10B473KB8NNNC";"";"";"";"";"";"";"";"";"";"";"";"50V";"";
"2";"0.047u";"C-EU0603-C-NOSILK";".0603-C-NOSILK";"C76, C80";"CAPACITOR, European symbol";"";"";"0.047µF ±10% 50V Ceramic Capacitor X7R 0603 (1608 Metric)";"1276-1063-1-ND";"";"Digikey";"";"92";"";"Samsung Electro-Mechanics";"";"CL10B473KB8NNNC";"";"";"";"";"";"";"";"";"";"";"";"50V";"";
"1";"0.047u";"L-US0603-C-NOSILK";".0603-C-NOSILK";"L20";"INDUCTOR, American symbol";"";"";"47nH Unshielded Wirewound Inductor 600mA 280mOhm Max 0603 (1608 Metric)";"490-15832-1-ND";"";"";"";"";"";"Murata Electronics";"";"LQW18AS47NG0ZD";"";"";"994-0402HP-47NXGLU";"";"";"";"";"";"";"";"";"";"";
"1";"0.1u";"C-EU0603-C-NOSILK";".0603-C-NOSILK";"C97";"CAPACITOR, European symbol";"";"";"0.1µF ±10% 10V Ceramic Capacitor X5R 0603 (1608 Metric)";"478-0603ZD104KAT2ACT-ND";"";"";"";"";"";"AVX";"";"0603ZD104KAT2A";"";"";"";"";"";"";"";"";"";"";"";"";"";
"11";"0.1u";"CAP0603-0.1UF";".0603-C-NOSILK";"C6, C17, C18, C21, C32, C33, C34, C35, C36, C114, C115";"0.1µF ±10% 10V Ceramic Capacitor X5R 0603 (1608 Metric)";"";"";"0.1µF ±10% 10V Ceramic Capacitor X5R 0603 (1608 Metric)";"478-0603ZD104KAT2ACT-ND";"";"";"";"";"";"AVX";"";"0603ZD104KAT2A";"";"";"";"";"";"";"";"";"";"";"";"10V";"";
"2";"10";"R0603-10-OHMS";".0603-C-NOSILK";"R18, R23";"10 Ohms ±1% 0.1W, 1/10W Chip Resistor 0603 (1608 Metric) Moisture Resistant Thick Film";"";"";"10 Ohms ±1% 0.1W, 1/10W Chip Resistor 0603 (1608 Metric) Moisture Resistant Thick Film";"CR0603-FX-10R0ELFCT-ND";"";"";"";"";"";"Bourns";"";"CR0603-FX-10R0ELF";"";"";"";"";"";"";"";"";"";"";"";"";"";
"8";"100k";"R0603-100K-OHMS";".0603-C-NOSILK";"R13, R35, R37, R41, R42, R43, R63, R65";"100 kOhms ±5% 0.1W, 1/10W Chip Resistor 0603 (1608 Metric) Automotive AEC-Q200 Thick Film";"";"";"100 kOhms ±1% 0.1W, 1/10W Chip Resistor 0603 (1608 Metric) Automotive AEC-Q200 Thick Film";"RMCF0603FT100KCT-ND";"";"";"";"";"";"Stackpole Electronics Inc";"";"RMCF0603FT100K";"";"";"";"";"";"";"";"";"";"";"";"";"";
"1";"100p";"C-EU0402-B-NOSILK";".0402-B-NOSILK";"C98";"CAPACITOR, European symbol";"";"";"1000pF ±5% 50V Ceramic Capacitor C0G, NP0 0402 (1005 Metric)";"1276-1635-1-ND";"";"";"";"";"";"Samsung Electro-Mechanics";"";"CL05C102JB5NNNC";"";"";"";"";"";"";"";"";"";"";"";"50V";"";
"1";"100p";"C-EU0402-B-NOSILK";".0402-B-NOSILK";"C99";"CAPACITOR, European symbol";"";"";"1000pF ±5% 50V Ceramic Capacitor C0G, NP0 0402 (1005 Metric)";"1276-1635-1-ND";"";"Digikey";"";"";"";"Samsung Electro-Mechanics";"";"CL05C102JB5NNNC";"";"";"";"";"";"";"";"";"";"";"";"50V";"";
"2";"100p";"C-EU0402-C-NOSILK";".0402-C-NOSILK";"C102, C105";"CAPACITOR, European symbol";"";"";"1000pF ±5% 50V Ceramic Capacitor C0G, NP0 0402 (1005 Metric)";"1276-1635-1-ND";"";"Digikey";"";"";"";"Samsung Electro-Mechanics";"";"CL05C102JB5NNNC";"";"";"";"";"";"";"";"";"";"";"";"50V";"";
"2";"10k";"EXB-A10P391JC_ARRAY_EXBA-M";"ARRAY_EXBA-M";"R14, R15";"";"";"";"10k Ohm ±5% 62.5mW Power Per Element Bussed  Resistor Network/Array ±200ppm/°C 2512 (6432 Metric), Concave, Long Side Terminals";"U7103CT-ND";"";"";"";"";"";"Panasonic Electronic Components";"";"EXB-A10P103J";"";"";"";"";"";"";"";"";"";"";"";"";"";
"14";"10k";"R0603-10K-OHMS";".0603-C-NOSILK";"R7, R8, R9, R11, R16, R17, R20, R24, R27, R40, R45, R68, R77, R78";"10 kOhms ±1% 0.1W, 1/10W Chip Resistor 0603 (1608 Metric) Moisture Resistant Thick Film";"";"";"10 kOhms ±1% 0.1W, 1/10W Chip Resistor 0603 (1608 Metric) Moisture Resistant Thick Film";"CR0603-FX-1002ELFCT-ND";"";"";"";"";"";"Bourns";"";"CR0603-FX-1002ELF";"";"";"";"";"";"";"";"";"";"";"";"";"";
"6";"10k";"R0603-10K-OHMS";".0603-C-NOSILK";"R3, R19, R22, R44, R80, R81";"10 kOhms ±1% 0.1W, 1/10W Chip Resistor 0603 (1608 Metric) Moisture Resistant Thick Film";"";"";"10 kOhms ±1% 0.063W, 1/16W Chip Resistor 0402 (1005 Metric) Moisture Resistant Thick Film";"311-10.0KLRCT-ND";"";"";"";"";"";"Yageo";"";"RC0402FR-0710KL";"";"";"";"";"";"";"";"";"";"";"";"";"";
"2";"10n";"C-EU0603-C-NOSILK";".0603-C-NOSILK";"C56, C72";"CAPACITOR, European symbol";"";"";"10000pF ±5% 25V Ceramic Capacitor C0G, NP0 0603 (1608 Metric)";"1276-2172-1-ND";"";"";"";"";"";"Samsung Electro-Mechanics";"";"CL10C103JA8NNNC";"";"";"";"";"";"";"";"";"";"";"";"25V";"";
"1";"10n";"L-US0603-C-NOSILK";".0603-C-NOSILK";"L22";"INDUCTOR, American symbol";"";"";"10nH Unshielded Wirewound Inductor 650mA 110mOhm Max 0603 (1608 Metric)";"490-6856-1-ND";"";"";"";"";"";"Murata Electronics";"";"LQW18AN10NG00D‎";"";"";"";"";"";"";"";"";"";"";"";"";"";
"3";"10u";"CAP0603-10UF-25VDC";".0603-C-NOSILK";"C7, C26, C88";"10µF ±10% 25V Ceramic Capacitor X5R 0603 (1608 Metric)";"";"";"10µF ±10% 25V Ceramic Capacitor X5R 0603 (1608 Metric)";"490-18214-1-ND";"";"";"";"";"";"Murata Electronics";"";"GRM188R61E106KA73D";"";"";"";"";"";"";"";"";"";"";"";"25V";"";
"1";"12.0p";"C-EU0402-C-NOSILK";".0402-C-NOSILK";"C112";"CAPACITOR, European symbol";"";"";"12pF ±5% 50V Ceramic Capacitor C0G, NP0 0402 (1005 Metric)";"1276-1178-1-ND";"";"";"";"";"";"Samsung Electro-Mechanics";"";"CL05C120JB5NNNC";"";"";"";"";"";"";"";"";"";"";"";"";"";
"1";"15";"R-US_0603-C-NOSILK";".0603-C-NOSILK";"R49";"RESISTOR, American symbol";"";"";"15 Ohms ±1% 0.1W, 1/10W Chip Resistor 0603 (1608 Metric) Automotive AEC-Q200 Thick Film";"RMCF0603FT15R0CT-ND";"";"Digikey";"";"";"";"Stackpole Electronics Inc";"";"RMCF0603FT15R0";"";"";"";"";"";"";"";"";"";"";"";"";"";
"2";"15.0n";"L-US0402-C-NOSILK";".0402-C-NOSILK";"L38, L39";"INDUCTOR, American symbol";"";"";"15nH Unshielded Wirewound Inductor 1.1A 110mOhm 0402 (1005 Metric)";"2035-1081-1-ND  ";"";"";"";"";"";"Delta Electronics/Components";"";"0402HP-15NXGLW";"";"";"994-0402HP-15NXGLW";"";"";"";"";"";"";"";"";"";"";
"1";"150";"R-US_0402-C-NOSILK";".0402-C-NOSILK";"R38";"RESISTOR, American symbol";"";"";"150 Ohms ±0.1% 0.063W, 1/16W Chip Resistor 0402 (1005 Metric)  Thin Film";"YAG4175CT-ND";"";"";"";"";"";"Yageo";"";"RT0402BRD07150RL";"";"";"";"";"";"";"";"";"";"";"";"";"";
"1";"150";"R-US_0402-C-NOSILK";".0402-C-NOSILK";"R31";"RESISTOR, American symbol";"";"";"150 Ohms ±0.1% 0.063W, 1/16W Chip Resistor 0402 (1005 Metric)  Thin Film";"YAG4175CT-ND";"";"Digikey";"";"";"";"Yageo";"";"RT0402BRD07150RL";"";"";"";"";"";"";"";"";"";"";"";"";"";
"2";"15k";"R0603-15K-OHMS";".0603-C-NOSILK";"R71, R79";"15 kOhms ±1% 0.1W, 1/10W Chip Resistor 0603 (1608 Metric) Moisture Resistant Thick Film";"";"";"15 kOhms ±1% 0.1W, 1/10W Chip Resistor 0603 (1608 Metric) Moisture Resistant Thick Film";"CR0603-FX-1502ELFCT-ND";"";"";"";"";"";"Bourns";"";"CR0603-FX-1502ELF";"";"";"";"";"";"";"";"";"";"";"";"";"";
"2";"18.0p";"C-EU0402-C-NOSILK";".0402-C-NOSILK";"C111, C113";"CAPACITOR, European symbol";"";"";"18pF ±5% 50V Ceramic Capacitor C0G, NP0 0402 (1005 Metric)";"1276-1140-1-ND";"";"";"";"";"";"Samsung Electro-Mechanics";"";"CL05C180JB5NNNC";"";"";"";"";"";"";"";"";"";"";"";"";"";
"2";"18n";"L-US0402-B-NOSILK";".0402-B-NOSILK";"L5, L14";"INDUCTOR, American symbol";"";"";"18nH Unshielded Wirewound Inductor 900mA 120mOhm 0402 (1005 Metric)";"2035-1083-1-ND";"";"";"";"";"";"Delta Electronics/Components";"";"0402HP-18NXGL";"";"";"994-0402HP-18NXGLU";"";"";"";"";"";"";"";"";"";"";
"3";"1N4148WS";"1N4148WS";"SOD-323";"D3, D7, D8";"DIODE GEN PURP 75V 150MA SOD323F";"";"PCBLayout.com";"";"";"1N4148WSFSTR-ND";"";"";"";"";"Diodes Incorporated";"";"";"";"";"";"";"1N4148WS";"SOD-323";"";"";"";"";"";"";"";
"3";"1k";"R0603-1K-OHMS";".0603-C-NOSILK";"R33, R39, R76";"1 kOhms ±1% 0.1W, 1/10W Chip Resistor 0603 (1608 Metric) Moisture Resistant Thick Film";"";"";"RES SMD 1K OHM 1% 1/10W 0603";"311-1.00KHRCT-ND";"";"";"";"";"";"";"Yageo";"RC0603FR-071KL";"";"";"";"";"";"";"";"";"";"";"";"";"";
"2";"1n";"C-EU0402-C-NOSILK";".0402-C-NOSILK";"C44, C45";"CAPACITOR, European symbol";"";"";"1000pF ±5% 50V Ceramic Capacitor C0G, NP0 0402 (1005 Metric)";"1276-1635-1-ND";"";"";"";"";"";"Samsung Electro-Mechanics";"";"CL05C102JB5NNNC";"";"";"";"";"";"";"";"";"";"";"";"50V";"";
"2";"1n";"C-EU0402-C-NOSILK";".0402-C-NOSILK";"C60, C61";"CAPACITOR, European symbol";"";"";"1000pF ±5% 50V Ceramic Capacitor C0G, NP0 0402 (1005 Metric)";"1276-1635-1-ND";"";"";"";"";"";"Samsung Electro-Mechanics";"";"CL05C102JB5NNNC";"";"";"";"";"";"";"";"";"";"";"";"";"";
"2";"1u";"C-EU0603-B-NOSILK";".0603-B-NOSILK";"C78, C82";"CAPACITOR, European symbol";"";"";"1µF ±10% 25V Ceramic Capacitor X5R 0603 (1608 Metric)";"311-1445-1-ND";"";"";"";"";"";"Yageo";"";"CC0603KRX5R8BB105";"";"";"";"";"";"";"";"";"";"";"";"25V";"";
"5";"1u";"C-EU0603-C-NOSILK";".0603-C-NOSILK";"C57, C73, C75, C100, C103";"CAPACITOR, European symbol";"";"";"1µF ±10% 25V Ceramic Capacitor X5R 0603 (1608 Metric)";"311-1445-1-ND";"";"";"";"";"";"Yageo";"";"CC0603KRX5R8BB105";"";"";"";"";"";"";"";"";"";"";"";"25V";"";
"15";"1u";"CAP0603-1UF-25VDC";".0603-C-NOSILK";"C1, C4, C5, C10, C20, C23, C24, C25, C28, C87, C89, C91, C92, C93, C95";"1µF ±10% 25V Ceramic Capacitor X5R 0603 (1608 Metric)";"";"";"1µF ±10% 25V Ceramic Capacitor X5R 0603 (1608 Metric)";"311-1445-1-ND";"";"";"";"";"";"YAGEO (PHYCOMP)";"";"CC0603KRX5R8BB105";"";"";"";"";"";"";"";"";"";"";"";"25V";"";
"1";"2.0n";"L-US0402-C-NOSILK";".0402-C-NOSILK";"L21";"INDUCTOR, American symbol";"";"";"L - 0402, 2.0n";"";"";"Mouser";"";"1";"";"";"";"0402CS-2N0XGL";"";"";"994-0402CS-2N0XGLW";"";"";"";"";"";"";"";"";"";"";
"2";"2.0p";"C-EU0402-C-NOSILK";".0402-C-NOSILK";"C101, C109";"CAPACITOR, European symbol";"";"";"2pF ±0.25pF 50V Ceramic Capacitor C0G, NP0 0402 (1005 Metric)";"311-1006-2-ND";"";"";"";"";"";"Yageo";"";"CC0402CRNPO9BN2R0";"";"";"";"";"";"";"";"";"";"";"";"50V";"";
"3";"2.2u";"CAP0603-2.2UF";".0603-C-NOSILK";"C14, C15, C19";"2.2µF ±20% 10V Ceramic Capacitor X7R 0603 (1608 Metric)";"";"";"2.2µF ±20% 10V Ceramic Capacitor X7R 0603 (1608 Metric)";"445-5959-1-ND";"";"";"";"";"";"TDK";"";"C1608X7R1A225M080AC";"";"";"";"";"";"";"";"";"";"";"";"10V";"";
"1";"2.7k";"R-US_0603-B-NOSILK";".0603-B-NOSILK";"R21";"RESISTOR, American symbol";"";"";"2.7 kOhms ±1% 0.1W, 1/10W Chip Resistor 0603 (1608 Metric) Moisture Resistant Thick Film";"CR0603-FX-2701ELFCT-ND";"";"";"";"";"";"Bourns Inc.";"";"CR0603-FX-2701ELF";"";"";"";"";"";"";"";"";"";"";"";"";"";
"4";"2.7k";"R0603-2.7K-OHMS";".0603-C-NOSILK";"R1, R2, R4, R75";"2.7 kOhms ±1% 0.1W, 1/10W Chip Resistor 0603 (1608 Metric) Moisture Resistant Thick Film";"";"";"2.7 kOhms ±1% 0.1W, 1/10W Chip Resistor 0603 (1608 Metric) Moisture Resistant Thick Film";"CR0603-FX-2701ELFCT-ND";"";"";"";"";"";"Bourns";"";"CR0603-FX-2701ELF";"";"";"";"";"";"";"";"";"";"";"";"";"";
"4";"20p";"CAP0603-20PF";".0603-C-NOSILK";"C9, C11, C13, C16";"20pF ±5% 50V Ceramic Capacitor C0G, NP0 0603 (1608 Metric)";"";"";"20pF ±5% 50V Ceramic Capacitor C0G, NP0 0603 (1608 Metric)";"GRM1885C1H200JA01J-ND";"";"";"";"";"";"Murata Electronics";"";"GRM1885C1H200JA01J";"";"";"";"";"";"";"";"";"";"";"";"50V";"";
"1";"220";"R-US_0603-C-NOSILK";".0603-C-NOSILK";"R50";"RESISTOR, American symbol";"";"";"220 Ohms ±1% 0.1W, 1/10W Chip Resistor 0603 (1608 Metric) Automotive AEC-Q200 Thick Film";"RMCF0603FT220RCT-ND";"";"";"";"";"";"Stackpole Electronics Inc";"";"RMCF0603FT220R";"";"";"";"";"";"";"";"";"";"";"";"";"";
"1";"22k";"R-US_0603-B-NOSILK";".0603-B-NOSILK";"R46";"RESISTOR, American symbol";"";"";"22 kOhms ±1% 0.1W, 1/10W Chip Resistor 0603 (1608 Metric) Automotive AEC-Q200 Thick Film";"P22.0KHCT-ND";"";"";"";"";"";"Panasonic Electronic Components";"";"ERJ-3EKF2202V";"";"";"";"";"";"";"";"";"";"";"";"";"";
"1";"22k";"R-US_0603-C-NOSILK";".0603-C-NOSILK";"R58";"RESISTOR, American symbol";"";"";"22 kOhms ±1% 0.1W, 1/10W Chip Resistor 0603 (1608 Metric) Automotive AEC-Q200 Thick Film";"P22.0KHCT-ND";"";"";"";"";"";"Panasonic Electronic Components";"";"ERJ-3EKF2202V";"";"";"";"";"";"";"";"";"";"";"";"";"";
"2";"22n";"C-EU0603-B-NOSILK";".0603-B-NOSILK";"C37, C41";"CAPACITOR, European symbol";"";"";"0.022µF ±10% 25V Ceramic Capacitor X7R 0603 (1608 Metric)";"1276-1999-1-ND";"";"";"";"";"";"Samsung Electro-Mechanics";"";"CL10B223KA8NNNC";"";"";"";"";"";"";"";"";"";"";"";"";"";
"4";"22n";"C-EU0603-C-NOSILK";".0603-C-NOSILK";"C50, C53, C66, C69";"CAPACITOR, European symbol";"";"";"0.022µF ±10% 25V Ceramic Capacitor X7R 0603 (1608 Metric)";"1276-1999-1-ND";"";"";"";"";"";"Samsung Electro-Mechanics";"";"CL10B223KA8NNNC";"";"";"";"";"";"";"";"";"";"";"";"";"";
"2";"22n";"L-US0603-C-NOSILK";".0603-C-NOSILK";"L18, L19";"INDUCTOR, American symbol";"";"";"27nH Unshielded Wirewound Inductor 440mA 210mOhm Max 0603 (1608 Metric)";"490-6879-1-ND";"";"";"";"";"";"Murata Electronics";"";"LQW18AN27NG00D";"";"";"";"";"";"";"";"";"";"";"";"";"";
"1";"22p";"C-EU0402-B-NOSILK";".0402-B-NOSILK";"C30";"CAPACITOR, European symbol";"";"";"22pF ±5% 50V Ceramic Capacitor C0G, NP0 0402 (1005 Metric)";"1276-1116-1-ND";"";"";"";"";"";"Samsung Electro-Mechanics";"";"CL05C220JB5NNNC";"";"";"";"";"";"";"";"";"";"";"";"";"";
"7";"22p";"C-EU0402-C-NOSILK";".0402-C-NOSILK";"C39, C48, C49, C65, C79, C81, C85";"CAPACITOR, European symbol";"";"";"22pF ±5% 50V Ceramic Capacitor C0G, NP0 0402 (1005 Metric)";"1276-1116-1-ND";"";"";"";"";"";"Samsung Electro-Mechanics";"";"CL05C220JB5NNNC";"";"";"";"";"";"";"";"";"";"";"";"";"";
"1";"22p";"C-EU0402-C-NOSILK";".0402-C-NOSILK";"C64";"CAPACITOR, European symbol";"";"";"22pF ±5% 50V Ceramic Capacitor C0G, NP0 0402 (1005 Metric)";"1276-1116-1-ND";"";"";"";"";"";"Samsung Electro-Mechanics";"";"CL05C220JB5NNNC";"";"";"CL05C220JB5NNNC";"";"";"";"";"";"";"";"";"";"";
"5";"22u";"CAP0603-22UF";".0603-C-NOSILK";"C12, C27, C29, C90, C94";"22µF ±20% 10V Ceramic Capacitor X5R 0603 (1608 Metric)";"";"";"22µF ±20% 10V Ceramic Capacitor X5R 0603 (1608 Metric)";"ZRB18AR61A226ME01L-ND";"";"";"";"";"";"Murata Electronics";"";"ZRB18AR61A226ME01L";"";"";"";"";"";"";"";"";"";"";"";"10V";"";
"1";"22u";"CAP1206-22UF-16VDC1206-C";"1206-C";"C2";"CAPACITOR, European symbol";"";"";"22µF ±20% 16V Ceramic Capacitor X7R 1206 (3216 Metric)";"587-4319-1-ND";"";"";"";"";"";"Taiyo Yuden";"";"EMK316BB7226ML-T";"";"";"";"";"";"";"";"";"";"";"";"16V";"";
"3";"23.7k";"R0603-23.7K-OHMS";".0603-C-NOSILK";"R36, R72, R73";"23.7 kOhms ±1% 0.1W, 1/10W Chip Resistor 0603 (1608 Metric) Moisture Resistant Thick Film";"";"";"23.7 kOhms ±1% 0.1W, 1/10W Chip Resistor 0603 (1608 Metric) Moisture Resistant Thick Film";"CR0603-FX-2372ELF-ND";"";"";"";"";"";"Bourns";"";"CR0603-FX-2372ELF";"";"";"";"";"";"";"";"";"";"";"";"";"";
"4";"24p";"C-EU0402-C-NOSILK";".0402-C-NOSILK";"C96, C107, C108, C110";"CAPACITOR, European symbol";"";"";"24pF ±5% 50V Ceramic Capacitor C0G, NP0 0402 (1005 Metric)";"1276-1670-1-ND";"";"";"";"";"";"Samsung Electro-Mechanics";"";"CL05C240JB5NNNC";"";"";"";"";"";"";"";"";"";"";"";"50V";"";
"2";"27";"R-US_0603-C-NOSILK";".0603-C-NOSILK";"R47, R59";"RESISTOR, American symbol";"";"";"27 Ohms ±1% 0.1W, 1/10W Chip Resistor 0603 (1608 Metric) Automotive AEC-Q200 Thick Film";"RMCF0603FT27R0CT-ND";"";"";"";"";"";"Stackpole Electronics Inc";"";"RMCF0603FT27R0";"";"";"";"";"";"";"";"";"";"";"";"";"";
"2";"3.1k";"R0603-3.1K-OHMS";".0603-C-NOSILK";"R6, R64";"3.1 kOhms ±1% 0.125W, 1/8W Chip Resistor 0603 (1608 Metric) Anti-Sulfur Thin Film";"";"";"3.1 kOhms ±1% 0.125W, 1/8W Chip Resistor 0603 (1608 Metric) Anti-Sulfur Thin Film";"MCT06030C3101FP500-ND";"";"";"";"";"";"Vishay Beyschlag";"";"MCT06030C3101FP500";"";"";"";"";"";"";"";"";"";"";"";"";"";
"1";"3.9n";"L-US0402-C-NOSILK";".0402-C-NOSILK";"L4";"INDUCTOR, American symbol";"";"";"L - 0402, 3.9n";"";"";"Mouser";"";"1";"";"";"";"0402CS-3N9XGL";"";"";"994-0402CS-3N9XGLW";"";"";"";"";"";"";"";"";"";"";
"1";"31.6K";"R0603-31.6K-OHMS";".0603-C-NOSILK";"R32";"31.6 kOhms ±1% 0.1W, 1/10W Chip Resistor 0603 (1608 Metric) Moisture Resistant Thick Film";"";"";"31.6 kOhms ±1% 0.1W, 1/10W Chip Resistor 0603 (1608 Metric) Moisture Resistant Thick Film";"CR0603-FX-3162ELFCT-ND";"";"";"";"";"";"Bourns";"";"CR0603-FX-3162ELF";"";"";"";"";"";"";"";"";"";"";"";"";"";
"1";"31.6k";"R0603-31.6K-OHMS";".0603-C-NOSILK";"R5";"31.6 kOhms ±1% 0.1W, 1/10W Chip Resistor 0603 (1608 Metric) Moisture Resistant Thick Film";"";"";"31.6 kOhms ±1% 0.1W, 1/10W Chip Resistor 0603 (1608 Metric) Moisture Resistant Thick Film";"CR0603-FX-3162ELFCT-ND";"";"";"";"";"";"Bourns";"";"CR0603-FX-3162ELF";"";"";"";"";"";"";"";"";"";"";"";"";"";
"1";"39";"R-US_0603-C-NOSILK";".0603-C-NOSILK";"R57";"RESISTOR, American symbol";"";"";"39 Ohms ±1% 0.1W, 1/10W Chip Resistor 0603 (1608 Metric) Automotive AEC-Q200 Thick Film";"RMCF0603FT39R0CT-ND";"";"";"";"";"";"Stackpole Electronics Inc";"";"RMCF0603FT39R0";"";"";"";"";"";"";"";"";"";"";"";"";"";
"1";"3p";"C-EU0402-B-NOSILK";".0402-B-NOSILK";"C31";"CAPACITOR, European symbol";"";"";"3pF ±0.25pF 50V Ceramic Capacitor C0G, NP0 0402 (1005 Metric)";"1276-1598-1-ND";"";"";"";"";"";"Samsung Electro-Mechanics";"";"CL05C030CB5NNNC ";"";"";"";"";"";"";"";"";"";"";"";"50V";"";
"4";"4.7u";"C-EU0603-C-NOSILK";".0603-C-NOSILK";"C52, C55, C68, C71";"CAPACITOR, European symbol";"";"";"4.7µF ±10% 16V Ceramic Capacitor X5R 0603 (1608 Metric)";"1276-1784-1-ND";"";"";"";"";"";"Samsung Electro-Mechanics";"";"CL10A475KO8NNNC";"";"";"";"";"";"";"";"";"";"";"";"";"";
"2";"4.7u";"CAP0603-4.7UF";".0603-C-NOSILK";"C3, C8";"4.7µF ±10% 10V Ceramic Capacitor X7S 0603 (1608 Metric)";"";"";"4.7µF ±10% 16V Ceramic Capacitor X6S 0603 (1608 Metric)";"490-13362-2-ND";"";"";"";"";"";"";"Murata Electronics";"GRM188C81C475KE11D";"";"";"";"";"";"";"";"";"";"";"";"16V";"";
"4";"43n";"L-US0402-C-NOSILK";".0402-C-NOSILK";"L6, L7, L10, L11";"INDUCTOR, American symbol";"";"";"43nH Unshielded Wirewound Inductor 515mA 516mOhm Max 0402 (1005 Metric)";"490-15447-1-ND";"";"";"";"";"";"Murata Electronics";"";"LQW15AN43NG8ZD";"";"";"";"";"";"";"";"";"";"";"";"";"";
"1";"45.3k";"R-US_0603-C-NOSILK";".0603-C-NOSILK";"R48";"RESISTOR, American symbol";"";"";"45.3 kOhms ±1% 0.1W, 1/10W Chip Resistor 0603 (1608 Metric) Automotive AEC-Q200 Thick Film";"RMCF0603FT45K3CT-ND";"";"";"";"";"";"Stackpole Electronics Inc";"";"RMCF0603FT45K3";"";"";"";"";"";"";"";"";"";"";"";"";"";
"4";"47k";"R-US_0603-B-NOSILK";".0603-B-NOSILK";"R26, R28, R29, R30";"RESISTOR, American symbol";"";"";"47 kOhms ±1% 0.1W, 1/10W Chip Resistor 0603 (1608 Metric) Moisture Resistant Thick Film";"311-47.0KHRCT-ND";"";"";"";"";"";"Yageo";"";"RC0603FR-0747KL";"";"";"";"";"";"";"";"";"";"";"";"";"";
"2";"5.6k";"R0603-5.6K-OHMS";".0603-C-NOSILK";"R52, R55";"5.6 kOhms ±1% 0.1W, 1/10W Chip Resistor 0603 (1608 Metric) Automotive AEC-Q200 Thick Film";"";"";"5.6 kOhms ±1% 0.1W, 1/10W Chip Resistor 0603 (1608 Metric) Automotive AEC-Q200 Thick Film";"RMCF0603FT5K60CT-ND";"";"";"";"";"";"";"Stackpole Electronics Inc";"RMCF0603FT5K60";"";"";"";"";"";"";"";"";"";"";"";"";"";
"4";"5.6n";"L-US0402-C-NOSILK";".0402-C-NOSILK";"L26, L28, L29, L31";"INDUCTOR, American symbol";"";"";"0402HP Ceramic Chip 5.6 nH 2 % 1.6 A ";"";"";"Mouser";"";"";"";"";"";"0402HP-5N6XGLW";"";"";"994-0402HP-5N6XGLW";"";"";"";"";"";"";"";"";"";"";
"1";"50";"R-US_0402-C-NOSILK";".0402-C-NOSILK";"R25";"RESISTOR, American symbol";"";"";"50 Ohms ±0.1% 0.05W, 1/20W Chip Resistor 0402 (1005 Metric) RF, High Frequency Thin Film";"FC0402-50BWCT-ND";"";"";"";"";"";"Vishay Thin Film";"";"FC0402E50R0BST1";"";"";"";"";"";"";"";"";"";"";"";"";"";
"1";"560p";"C-EU0402-B-NOSILK";".0402-B-NOSILK";"C38";"CAPACITOR, European symbol";"";"";"560pF ±5% 50V Ceramic Capacitor C0G, NP0 0402 (1005 Metric)";"1276-1709-1-ND";"";"";"";"";"";"Samsung Electro-Mechanics";"";"CL05C561JB5NNNC";"";"";"";"";"";"";"";"";"";"";"";"50V";"";
"1";"560p";"C-EU0402-B-NOSILK";".0402-B-NOSILK";"C106";"CAPACITOR, European symbol";"";"";"C - 0402, 560p, C0G, 50V";"1276-1709-1-ND";"";"";"";"";"";"Samsung Electro-Mechanics";"";"CL05C561JB5NNNC";"";"";"";"";"";"";"";"";"";"";"";"50V";"";
"2";"6.8k";"R0603-6.8K-OHMS";".0603-C-NOSILK";"R53, R54";"6.8 kOhms ±1% 0.1W, 1/10W Chip Resistor 0603 (1608 Metric) Automotive AEC-Q200 Thick Film";"";"";"6.8 kOhms ±1% 0.1W, 1/10W Chip Resistor 0603 (1608 Metric) Automotive AEC-Q200 Thick Film";"RMCF0603FT6K80CT-ND";"";"";"";"";"";"";"Stackpole Electronics Inc";"RMCF0603FT6K80";"";"";"";"";"";"";"";"";"";"";"";"";"";
"2";"6.8u";"L-ECS-MPI4040";"ECS-MPI4040";"L2, L17";"";"";"";"6.8µH Shielded  Inductor 2.4A 91mOhm Nonstandard";"XC2337CT-ND";"";"";"";"";"";"ECS Inc.";"";"ECS-MPI4040R4-6R8-R";"";"";"";"";"";"";"";"";"";"";"";"";"";
"2";"68n";"L-US0402-C-NOSILK";".0402-C-NOSILK";"L27, L30";"INDUCTOR, American symbol";"";"";"L - 0402HPH Ceramic Chip 68 nH 2 % 0.32 A";"";"";"Mouser";"";"";"";"";"";"0402HPH-68NXGLW";"";"";"994-0402HPH-68NXGLW";"";"";"";"";"";"";"";"";"";"";
"4";"8.2p";"C-EU0402-C-NOSILK";".0402-C-NOSILK";"C42, C43, C58, C59";"CAPACITOR, European symbol";"";"";"8.2pF ±0.25pF 50V Ceramic Capacitor C0G, NP0 0402 (1005 Metric)";"1276-1729-1-ND";"";"";"";"";"";"Samsung Electro-Mechanics";"";"CL05C8R2CB5NNNC";"";"";"";"";"";"";"";"";"";"";"";"";"";
"4";"82p";"C-EU0402-C-NOSILK";".0402-C-NOSILK";"C46, C47, C62, C63";"CAPACITOR, European symbol";"";"";"82pF ±5% 50V Ceramic Capacitor C0G, NP0 0402 (1005 Metric)";"1276-1726-1-ND";"";"";"";"";"";"Samsung Electro-Mechanics";"";"CL05C820JB5NNNC";"";"";"";"";"";"";"";"";"";"";"";"";"";
"4";"91n";"L-US0603-C-NOSILK";".0603-C-NOSILK";"L8, L9, L23, L24";"INDUCTOR, American symbol";"";"";"91nH Unshielded Wirewound Inductor 520mA 540mOhm Max 0603 (1608 Metric)";"490-15756-1-ND";"";"";"";"";"";"Murata Electronics";"";"LQW18AN91NG8ZD";"";"";"";"";"";"";"";"";"";"";"";"";"";
"2";"91n";"L-US0603-C-NOSILK";".0603-C-NOSILK";"L12, L13";"INDUCTOR, American symbol";"";"";"91nH Unshielded Wirewound Inductor 520mA 540mOhm Max 0603 (1608 Metric)";"490-15756-1-ND";"";"Digikey";"";"5";"";"Murata Electronics";"";"LQW18AN91NG8ZD";"";"";"";"";"";"";"";"";"";"";"";"";"";
"1";"ABM7-16.000MHZ-D2Y-T";"ABM7-16.000MHZ-D2Y-T";"ABM7-16.000MHZ-D2Y-T";"X1";"16MHz ±20ppm Crystal 18pF 50 Ohms 2-SMD, No Lead";"";"";"16MHz ±20ppm Crystal 18pF 50 Ohms 2-SMD, No Lead";"535-9840-1-ND";"";"";"";"";"";"Abracon LLC";"";"ABM7-16.000MHZ-D2Y-T";"";"";"";"";"";"";"";"";"";"";"";"";"";
"1";"ABS07-32.768KHZ-T-SMD-2";"ABS07-32.768KHZ-T-SMD-2";"ABS07-32.768KHZ-T";"X2";"32.768kHz ±20ppm Crystal 6pF 55 kOhms 2-SMD, No Lead";"";"";"32.768kHz ±20ppm Crystal 6pF 55 kOhms 2-SMD, No Lead";"535-11937-2-ND";"";"";"";"";"";"Abracon LLC";"";"ABS07-120-32.768KHZ-T";"";"";"";"";"";"";"";"";"";"";"";"";"";
"1";"B8666";"B8666";"1.7X1.3";"U18";"GPS SAW Extractor";"";"";"2.15GHz Frequency GPS RF SAW Filter (Sound Acoustic Wave) 1.5dB 46.84MHz Bandwidth 10-SMD, No Lead";"B39162B8666L210CT-ND";"";"";"";"";"";"";"Qualcomm (RF360 - A Qualcomm & TDK Joint Venture)";"B39162B8666L210";"";"";"";"";"";"";"";"";"";"";"";"";"";
"1";"BFPXXXF";"BFPXXXF";"TSFP4";"Q7";"Infineon NPN RF Bipolar Transistor Family";"";"";"RF Transistor NPN 4.7V 30mA 42GHz 160mW Surface Mount 4-TSFP";"BFP740FH6327XTSA1CT-ND";"";"Digikey";"";"";"";"";"Infineon Technologies";"BFP740FH6327XTSA1";"";"";"";"";"";"";"";"";"";"";"";"";"";
"1";"BFPXXXF";"BFPXXXF";"TSFP4";"Q9";"Infineon NPN RF Bipolar Transistor Family";"";"";"RF Transistor NPN 4.7V 30mA 42GHz 160mW Surface Mount 4-TSFP";"BFP740FH6327XTSA1CT-ND";"";"Mouser";"";"";"";"Infineon Technologies";"";"BFP740FH6327XTSA1";"";"";"";"";"";"";"";"";"";"";"";"";"";
"1";"BGB7XXL7ESD";"BGB7XXL7ESD";"BGB7XXL7ESD";"U20";"High Performance LNAs";"";"";"LNA, general purpose";"BGB741L7ESDE6327XTSA1CT-ND";"";"";"";"";"";"";"Infineon Technologies";"BGB741L7ESDE6327XTSA1‎";"";"";"";"";"";"";"";"";"";"";"";"";"";
"3";"BP0805A1308";"BP0805A1308";"BP0805";"U17, U19, U21";"Thin Film Bandpass Filter";"";"";"1.308GHz Frequency Band Pass RF Filter (Radio Frequency) 200MHz Bandwidth 1.2dB 0805 (2012 Metric), 4 PC Pad";"478-12187-1-ND";"";"";"";"";"";"";"AVX Corp ";"BP0805A1308ASTR";"";"";"";"";"";"";"";"";"";"";"";"";"";
"2";"FDMQ86530L_2-GATES";"FDMQ86530L_2-GATES";"FDMQ8203";"Q11, Q14";"Mosfet Array 4 N-Channel (H-Bridge) 60V 8A 1.9W Surface Mount 12-MLP (5x4.5)";"";"";"Mosfet Array 4 N-Channel (H-Bridge) 60V 8A 1.9W Surface Mount 12-MLP (5x4.5)";"";"";"";"0.8mm";"";"";"";"ON Semiconductor";"FDMQ86530L";"";"";"512-FDMQ86530L";"https://www.mouser.com/ProductDetail/ON-Semiconductor-Fairchild/FDMQ86530L?qs=%2Fha2pyFaduhvtY0ab5gH%2FFwAtRhbq1G%2F%252BzPdTWgEeJYlJ3ONJxFeqw%3D%3D";"";"";"";"";"";"";"";"";"";
"4";"GREEN";"LED-GREEN0603";"LED-0603";"D1, D2, D5, D6";"Green SMD LED";"";"";"Green 573nm LED Indication - Discrete 2V 0603 (1608 Metric)";"732-12017-1-ND";"";"";"";"";"";"Würth Elektronik";"";"150060VS55040";"";"";"";"";"";"";"";"";"";"";"GREEN";"";"";
"1";"GREEN";"LED-GREEN0603";"LED-0603";"D4";"Green SMD LED";"";"";"Green 573nm LED Indication - Discrete 2V 0603 (1608 Metric)";"732-12017-1-ND";"";"";"";"";"";"Würth Elektronik";"";"150060VS55040";"";"";"";"";"";"";"";"DIO-00821";"";"";"GREEN";"";"";
"3";"J-MOLEX-SMPM-73300-003X";"J-MOLEX-SMPM-73300-003X";"J-MOLEX-SMPM-073300-003X";"CM1, CM2, CM3";"";"";"";"";"";"";"";"";"";"";"";"";"";"Molex";"";"";"";"73300-0020";"";"";"";"";"";"";"";"";
"1";"J-SAMTEC-TFM-120-X1-XXX-D-RA";"J-SAMTEC-TFM-120-X1-XXX-D-RA";"J-SAMTEC-TFM-120-X1-XXX-D-RA";"J6";"";"";"";"Connector Header Through Hole, Right Angle 40 position 0.050" (1.27mm)";"SAM10145-ND";"";"";"";"";"";"Samtec";"";"TFM-120-01-L-D-RA";"";"";"";"";"";"";"";"";"";"";"";"";"";
"1";"LP2985AIM5-1.8_NOPB";"LP2985AIM5-1.8_NOPB";"SOT-23";"U12";"Micropower 150-mA Low-Noise Ultra-Low-Dropout Regulator in SOT-23 packages";"";"";"Linear Voltage Regulator IC  1 Output  150mA SOT-23-5";"LP2985AIM5-1.8/NOPBCT-ND";"";"Digikey";"1.45mm";"";"";"";"Texas Instruments";"LP2985AIM5-1.8/NOPB";"";"";"926-2985AIM51.8/NOPB";"";"";"";"";"";"";"";"";"";"";
"1";"LP2985AIM5-1.8_NOPB";"LP2985AIM5-1.8_NOPB";"SOT-23";"U14";"Micropower 150-mA Low-Noise Ultra-Low-Dropout Regulator in SOT-23 packages";"";"";"Micropower 150-mA Low-Noise Ultra-Low-Dropout Regulator in SOT-23 packages";"LP2985AIM5-1.8/NOPBCT-ND";"";"";"1.45mm";"";"";"";"Texas Instruments";"LP2985AIM5-1.8/NOPB";"";"";"926-2985AIM51.8/NOPB";"";"";"";"";"";"";"";"";"";"";
"2";"LP2985AIM5-2.5_NOPB";"LP2985AIM5-2.5_NOPB";"SOT-23";"U6, U23";"Micropower 150-mA Low-Noise Ultra-Low-Dropout Regulator in SOT-23 packages";"";"";"Micropower 150-mA Low-Noise Ultra-Low-Dropout Regulator in SOT-23 packages";"";"";"";"1.45mm";"";"";"";"Texas Instruments";"LP2985AIM5-2.5/NOPB";"";"";"926-2985AIM52.5/NOPB";"https://www.mouser.com/Search/Refine.aspx?Keyword=926-2985AIM53.3%2FNOPB";"";"";"";"";"";"";"";"";"";
"1";"LP2985AIM5-3.3_NOPB";"LP2985AIM5-3.3_NOPB";"SOT-23";"U28";"Micropower 150-mA Low-Noise Ultra-Low-Dropout Regulator in SOT-23 packages";"";"";"Micropower 150-mA Low-Noise Ultra-Low-Dropout Regulator in SOT-23 packages";"";"";"";"1.45mm";"";"";"";"Texas Instruments";"LP2985AIM5-3.3/NOPB";"";"";"926-2985AIM53.3/NOPB";"https://www.mouser.com/Search/Refine.aspx?Keyword=926-2985AIM53.3%2FNOPB";"";"";"";"";"6520033P";"http://uk.rs-online.com/web/p/products/6520033P";"";"";"";
"1";"MAC-24+";"MAC-24+";"MAC-24+";"U16";"RF Mixer, Diode Ring, 0.3 - 12 GHz";"";"";"RF Mixer, Diode Ring, 0.3 - 12 GHz";"";"";"Mini-Circuits";"";"";"";"";"Mini-Circuits";"MAC-24+";"";"";"";"";"";"";"";"";"";"";"";"";"";
"1";"MAX892LEUA+T21-0036K-L";"MAX892LEUA+T21-0036K-L";"21-0036K-L";"U1";"MAX891L / MAX892L";"";"";"Power Switch ICs - Power Distribution Current-Limited, High-Side P-Channel Switches with Thermal Shutdown";"";"";"";"";"";"";"Maxim Integrated";"";"MAX892LEUA+T";"";"";"700-MAX892LEUAT ";"";"";"";"";"";"";"";"";"";"Maxim Integrated Products";
"4";"MOSFET-PCH-SOT23-6";"MOSFET-PCH-SOT23-6";"SOT23-6";"Q6, Q8, Q12, Q13";"Dual P channel MOSFETs in an SOT23-6";"";"";"";"";"";"";"";"";"";"";"";"";"";"";"";"";"";"";"";"";"";"";"";"";"";
"1";"MOSFET-PCH-SOT23-6";"MOSFET-PCH-SOT23-6";"SOT23-6";"Q1";"P channel MOSFET in an SOT23-6";"";"";"P-Channel 30V 4.5A (Ta) 1.8W (Ta) Surface Mount TSOT-26";"DMP3050LVT-7DICT-ND";"";"";"";"";"";"Diodes Incorporated";"";"DMP3050LVT-7";"";"";"";"";"";"";"";"";"";"";"";"";"";
"8";"NP";"CAP0603-NP";".0603-C-NOSILK";"C40, C51, C54, C67, C70, C74, C77, C83";"NP";"EXCLUDE";"";"";"";"";"Digikey";"";"";"";"";"";"";"";"";"";"";"";"";"";"";"";"";"";"";"";
"2";"NP";"R0603-0-OHMS";".0603-C-NOSILK";"R10, R67";"0 Ohms Jumper 0.1W, 1/10W Chip Resistor 0603 (1608 Metric)  Thick Film";"EXCLUDE";"";"0 Ohms Jumper 0.1W, 1/10W Chip Resistor 0603 (1608 Metric)  Thick Film";"541-4012-1-ND";"";"";"";"";"";"Vishay Dale";"";"CRCW06030000Z0EAC";"";"";"";"";"";"";"";"";"";"";"";"";"";
"1";"ORESAT-DEBUG-CONNECTOR-SOLAR";"ORESAT-DEBUG-CONNECTOR-SOLAR";"WURTH_687120183622";"J5";"";"";"";"20 Position FPC Connector Contacts, Bottom 0.020" (0.50mm) Surface Mount, Right Angle";"A100287CT-ND";"";"";"";"";"";"TE Connectivity AMP Connectors";"";"2-1734592-0";"";"";"";"";"";"";"";"";"";"";"";"";"";
"1";"PMOS";"BSS84";"SOT23";"Q10";"P-CHANNEL MOS FET";"";"";"P-Channel 50V 130mA (Ta) 360mW (Ta) Surface Mount SOT-23-3";"BSS84CT-ND";"";"";"";"";"";"ON Semiconductor";"";"BSS84";"";"";"";"";"";"";"8";"";"";"";"";"";"";
"1";"QPC1022";"QPC1022";"QPC1022";"U8";"";"";"";"RF Switch ICs 5-6000MHz SPDT IL .25dB Iso 39dB";"";"";"";"";"";"";"Qorvo";"";"QPC1022TR7";"Qorvo";"";"772-QPC1022TR7 ";"";"QPC1022";"";"";"";"";"";"";"";"";
"1";"Qorvo 856930";"856930";"3.8X3.8";"U15";"457.5 MHz SAW Filter";"";"";"Filter - SAW, 457.5 MHz, 15 MHz";"";"";"Mouser";"";"";"";"";"Qorvo";"856930";"";"";"772-856930";"";"";"";"";"";"";"";"";"";"";
"1";"SFEM016GB1EM1TO-A-HG-111-STD";"EMMC+RESET-BA";"BGA-153(11.5X13)(EMMC-BA)";"U9";"eMMC (embedded multi-media card) memory with optional Reset function";"";"";"eMMC 16GB E-MMC MLC EM-20 IND";"";"";"";"";"";"";"Swissbit";"";"SFEM016GB1EA1TO-I-GE-111-STD";"";"";"922-500530";"";"";"";"";"";"";"";"";"";"";
"1";"SI4112";"SI4112";"QFN28-5X5-WITH-CENTER-PAD";"U10";"RF Synthesizer w/ integrated VCOs (IF OUT)";"";"";"PLL RF Synthesizer, single out, IF";"";"";"Mouser";"";"";"";"";"Silicon Labs";"SI4112-D-GM";"";"";"634-SI4112-D-GM";"";"";"";"";"";"";"";"";"";"";
"1";"SN65220";"SN65220";"SOT23-6";"D11";"";"";"";"ESD Suppressors / TVS Diodes Sngl Port Transient Suppressor";"";"";"";"";"";"";"Texas Instruments";"";"SN65220DBVRG4";"";"595-SN65220DBVRG4";"";"";"";"";"";"";"";"";"";"";"";
"1";"STM32F446VET6_PORT_BREAKOUT";"STM32F446VET6_PORT_BREAKOUT";"QFP50P1600X1600X160-100N";"IC2";"STMICROELECTRONICS - STM32F446VET6 - MCU, 32BIT, CORTEX-M4, 180MHZ, LQFP-100";"";"";"STMICROELECTRONICS - STM32F446VET6 - MCU, 32BIT, CORTEX-M4, 180MHZ, LQFP-100";"";"";"";"1.6mm";"";"";"";"STMicroelectronics";"STM32F446VET6";"";"";"511-STM32F446VET6";"https://www.mouser.com/Search/Refine.aspx?Keyword=511-STM32F446VET6";"";"";"";"";"1962043";"http://uk.rs-online.com/web/p/products/1962043";"";"";"";
"1";"TAITIEN-TY";"TAITIEN-TY";"2.5X2.0";"X4";"Clipped Sine Wave TCXO";"";"";"16MHz TCXO Clipped Sine Wave Oscillator 1.8V  4-SMD, No Lead";"1664-1323-1-ND";"";"";"";"";"";"Taitien";"";"TYKTBLSANF-16.000000";"";"";"";"";"";"";"";"";"";"";"";"";"";
"1";"TAITIEN-TY";"TAITIEN-TY";"2.5X2.0";"X3";"Clipped Sine Wave TCXO";"";"";"16MHz TCXO Clipped Sine Wave Oscillator 1.8V  4-SMD, No Lead";"1664-1323-1-ND";"";"Digikey";"";"";"";"";"Taitien";"TYKTBLSANF-16.000000";"";"";"";"";"";"";"";"";"";"";"";"";"";
"2";"TCAN330";"TCAN330";"SOT23-8_TI-DCN";"U2, U3";"";"";"";"1/1 Transceiver  CANbus SOT-23-8";"296-44211-1-ND";"";"";"";"";"";"Texas Instruments";"";"TCAN330GDCNT";"";"";"";"";"";"";"";"";"";"";"";"";"";
"2";"TEST-PAD-SMD-CIRCLE";"TEST-PAD-SMD-CIRCLE";"TESTPOINT_SMD-CIRCLE-1MM";"TP9, TP11";"Test Pad Circular 1mm";"EXCLUDE";"";"";"";"";"";"";"";"";"";"";"";"";"";"";"";"";"";"";"";"";"";"";"";"";
"31";"TEST-POINT-LARGE";"TEST-POINT-LARGE";"1X01";"!FLT, !FLT-U, 2.5V-L, 2.5V-U, 3.3V, 3.3V-U, 5.0V-U, BOOT0, ENABLE-UHF, GND, ILIM-OUT, ILIM-OUT-U, NRST, OPD-ENABLE, OPD-FAULT, OPD-ISET, PA1, PA15, PG, PG-U, SDIO-CK, SPI1-MISO, SPI1-MOSI, SPI1-SCK, SYNC, SYNC-U, TP3, VBUS, VBUSP-OUT, VBUSP-OUT-U, WDT";"";"EXCLUDE";"";"";"";"";"";"";"";"";"";"";"";"";"";"";"";"";"";"";"";"";"";"";"";"";
"4";"TEST-POINT-SMALL";"TEST-POINT-SMALL";"TEST-POINT-SMALL";"DEBUG-0, DEBUG-1, DEBUG-2, DEBUG-3";"";"EXCLUDE";"";"";"";"";"";"";"";"";"";"";"";"";"";"";"";"";"";"";"";"";"";"";"";"";
"9";"TEST-POINT_SMD-SMD-10SN";"TEST-POINT_SMD-SMD-10SN";"TESTPOINT_SMD-10SN";"TP2, TP5, TP6, TP7, TP12, TP14, TP17, TP18, TP20";"TEST POINT PAD";"EXCLUDE";"";"";"";"";"";"";"";"";"";"";"";"";"";"";"";"";"";"";"";"";"";"";"";"";
"1";"TLV1704AMPWPSEP";"TLV1704AMPWTPSEPTSSOP-14";"SOP65P640X120-14N";"U7";"";"";"";"Analog Comparators 2.2-V to 36-V, radiation hardened microPower quad comparator in space enhanced plastic 14-TSSOP -55 to 125";"";"";"";"";"";"";"Texas Instruments";"";"TLV1704AMPWPSEP";"";"";"595-TLV1704AMPWPSEP ";"";"";"";"";"";"";"";"";"";"";
"1";"TPS259620";"TPS2596XX";"SO-POWERPAD-8";"U27";"TPS2596XX   - eFuse With Accurate Current Monitor and Fast";"";"";"Electronic Fuse Regulator  2A 8-SO PowerPad";"296-TPS259620DDATCT-ND";"";"";"";"";"";"Texas Instruments";"";"TPS259620DDAT";"";"";"";"";"";"";"";"";"";"";"";"";"";
"1";"TPS259621";"TPS2596XX";"SO-POWERPAD-8";"U4";"TPS2596XX   - eFuse With Accurate Current Monitor and Fast";"";"";"Electronic Fuse Regulator  2A 8-SO PowerPad";"296-TPS259621DDATCT-ND";"";"";"";"";"";"Texas Instruments";"";"TPS259621DDAT";"";"";"";"";"";"";"";"";"";"";"";"";"";
"1";"TPS62111RSA";"TPS6211X";"S-PVQFN-16";"U5";"TPS6211x 17-V, 1.5-A, Synchronous Step-Down Converter";"";"";"Buck Switching Regulator IC Positive Fixed 3.3V 1 Output 1.5A 16-VQFN Exposed Pad";"296-20670-1-ND";"";"";"";"";"";"Texas Instruments";"";"TPS62111RSAT";"";"";"";"";"";"";"";"";"";"";"";"";"";
"1";"TPS62112";"TPS6211X";"S-PVQFN-16";"U26";"TPS6211x 17-V, 1.5-A, Synchronous Step-Down Converter";"";"";"Buck Switching Regulator IC Positive Fixed 5V 1 Output 1.5A 16-VQFN Exposed Pad";"296-19717-1-ND";"";"";"";"";"";"Texas Instruments";"";"TPS62112RSAT";"";"";"";"";"";"";"";"";"";"";"";"";"";
"2";"U-ONSEMI-AX5043";"U-ONSEMI-AX5043";"QFN28-5X5-WITH-CENTER-PAD";"U11, U13";"";"";"";"IC RF TxRx Only General ISM < 1GHz  27MHz ~ 1.05GHz 28-VFQFN Exposed Pad";"AX5043-1-TW30OSCT-ND";"";"";"";"";"";"ON Semiconductor";"";"AX5043-1-TW30";"";"";"";"";"";"";"";"";"";"";"";"";"";
